hash	timestamp	actions.calculate_multi_series_fc	actions.run_cytoscape_connector	actions.run_fc_treemaps	actions.run_PLSDA	actions.run_with_gap_filled	actions.scale_data	boxplot.topN	dataset_experiment.description	dataset_experiment.name	filter_blank.blank_label	filter_blank.factor_name	filter_blank.fold_change	filter_blank.fraction_in_blank	filter_blank.qc_label	filter_sample_metadata_one.factor_name	filter_sample_metadata_one.levels	filter_sample_metadata_one.mode	filter_sample_metadata_two.factor_name	filter_sample_metadata_two.levels	filter_sample_metadata_two.mode	filter_sample_type.factor_name	filter_sample_type.levels	filter_sample_type.mode	filter_variable_metadata_annotated.factor_name	filter_variable_metadata_annotated.levels	filter_variable_metadata_annotated.mode	filter_variable_metadata_num.factor_name	filter_variable_metadata_num.mode	filter_variable_metadata_one.factor_name	filter_variable_metadata_one.levels	filter_variable_metadata_one.mode	filter_variable_metadata_two.factor_name	filter_variable_metadata_two.levels	filter_variable_metadata_two.mode	gnps_job_id	heatmap.topN	mapp_batch	mapp_project	met_annot_enhancer_folder	ms_files_extension	operating_system.pandoc	operating_system.system	options.gnps_column_for_boxplots.factor_name	paths.docs	paths.output	posthoc.p_value	target.sample_metadata_header	to_mean.factor_name
76ed1af21ccb031c96750e4a0af66e1e	2024-05-14 17:27:39	FALSE	FALSE	TRUE	TRUE	FALSE	TRUE	16	TP SBL20004 2024 - Group A - Biscutelly herbivory	mapp_batch_00109 LCMS metabolomics dataset	NA	NA	NA	NA	NA		|																			940dc415fa834273bacecbbd3a188a6b	100	mapp_batch_00109	mapp_project_00050	mapp_batch_00109	.mzML	C:/Program Files/RStudio/resources/app/bin/quarto/bin/tools	unix	source_taxon	/Users/pma/Dropbox/git_repos/COMMONS_Lab/SBL.20004.2024/docs	/Users/pma/Dropbox/git_repos/COMMONS_Lab/SBL.20004.2024/docs/mapp_project_00050/mapp_batch_00109/results/stats	0.05	full	source_taxon
bcdd264f6de4edbaa55f49f9e56cdee8	2024-05-14 17:31:27	FALSE	FALSE	TRUE	TRUE	FALSE	TRUE	16	TP SBL20004 2024 - Group A - Biscutelly herbivory	mapp_batch_00109 LCMS metabolomics dataset	NA	NA	NA	NA	NA	source_taxon	Plutella xylostella	exclude				sample_type	sample	include												940dc415fa834273bacecbbd3a188a6b	100	mapp_batch_00109	mapp_project_00050	mapp_batch_00109	.mzML	C:/Program Files/RStudio/resources/app/bin/quarto/bin/tools	unix	source_taxon	/Users/pma/Dropbox/git_repos/COMMONS_Lab/SBL.20004.2024/docs	/Users/pma/Dropbox/git_repos/COMMONS_Lab/SBL.20004.2024/docs/mapp_project_00050/mapp_batch_00109/results/stats	0.05	full	source_taxon
fa73f94f0aac524296e9a6a0a29ec5aa	2024-05-14 17:35:10	FALSE	FALSE	TRUE	TRUE	FALSE	TRUE	16	TP SBL20004 2024 - Group A - Biscutelly herbivory	mapp_batch_00109 LCMS metabolomics dataset	NA	NA	NA	NA	NA	source_taxon	Plutella xylostella	exclude	distant	yes	exclude	sample_type	sample	include												940dc415fa834273bacecbbd3a188a6b	100	mapp_batch_00109	mapp_project_00050	mapp_batch_00109	.mzML	C:/Program Files/RStudio/resources/app/bin/quarto/bin/tools	unix	source_taxon	/Users/pma/Dropbox/git_repos/COMMONS_Lab/SBL.20004.2024/docs	/Users/pma/Dropbox/git_repos/COMMONS_Lab/SBL.20004.2024/docs/mapp_project_00050/mapp_batch_00109/results/stats	0.05	full	source_taxon
18bb5b46aa7047ce04603727520929b5	2024-05-16 22:34:53	FALSE	FALSE	TRUE	TRUE	FALSE	TRUE	16	TP SBL20004 2024 - Group A - Biscutella herbivory	mapp_batch_00109 LCMS metabolomics dataset	BK	sample_type	5	0	QC							sample_type	sample	include												686365fe75624ed8be661d43be058592	100	mapp_batch_00109	mapp_project_00050	mapp_batch_00109	.mzML	C:/Program Files/RStudio/resources/app/bin/quarto/bin/tools	unix	source_taxon_genus	/Users/pma/Dropbox/git_repos/COMMONS_Lab/SBL.20004.2024/docs	/Users/pma/Dropbox/git_repos/COMMONS_Lab/SBL.20004.2024/docs/mapp_project_00050/mapp_batch_00109/results/stats	0.05	full	full
7de696dd94a6b3755c623cd211052c3c	2024-05-16 22:37:47	FALSE	FALSE	TRUE	TRUE	FALSE	TRUE	16	TP SBL20004 2024 - Group A - Biscutella herbivory	mapp_batch_00109 LCMS metabolomics dataset	BK	sample_type	5	0	QC	source_taxon	Plutella xylostella	exclude				sample_type	QC|sample	include												686365fe75624ed8be661d43be058592	100	mapp_batch_00109	mapp_project_00050	mapp_batch_00109	.mzML	C:/Program Files/RStudio/resources/app/bin/quarto/bin/tools	unix	source_taxon_genus	/Users/pma/Dropbox/git_repos/COMMONS_Lab/SBL.20004.2024/docs	/Users/pma/Dropbox/git_repos/COMMONS_Lab/SBL.20004.2024/docs/mapp_project_00050/mapp_batch_00109/results/stats	0.05	full	full
6987374844857d4ecf29bb5243d88ab6	2024-05-16 22:40:34	FALSE	FALSE	TRUE	TRUE	FALSE	TRUE	16	TP SBL20004 2024 - Group A - Biscutella herbivory	mapp_batch_00109 LCMS metabolomics dataset	BK	sample_type	5	0	QC	source_taxon	Plutella xylostella	exclude				sample_type	sample	include												686365fe75624ed8be661d43be058592	100	mapp_batch_00109	mapp_project_00050	mapp_batch_00109	.mzML	C:/Program Files/RStudio/resources/app/bin/quarto/bin/tools	unix	source_taxon	/Users/pma/Dropbox/git_repos/COMMONS_Lab/SBL.20004.2024/docs	/Users/pma/Dropbox/git_repos/COMMONS_Lab/SBL.20004.2024/docs/mapp_project_00050/mapp_batch_00109/results/stats	0.05	full	full
fc4961ca4aba748fe5e3fd3ea86b7bbd	2024-05-16 22:56:08	FALSE	FALSE	TRUE	TRUE	FALSE	TRUE	16	TP SBL20004 2024 - Group A - Biscutella herbivory	mapp_batch_00109 LCMS metabolomics dataset	BK	sample_type	1.5	0	QC	source_taxon	Plutella xylostella	exclude				sample_type	sample	include												686365fe75624ed8be661d43be058592	100	mapp_batch_00109	mapp_project_00050	mapp_batch_00109	.mzML	C:/Program Files/RStudio/resources/app/bin/quarto/bin/tools	unix	source_taxon	/Users/pma/Dropbox/git_repos/COMMONS_Lab/SBL.20004.2024/docs	/Users/pma/Dropbox/git_repos/COMMONS_Lab/SBL.20004.2024/docs/mapp_project_00050/mapp_batch_00109/results/stats	0.05	full	full
17493ce024bb8068860b5f16484a79a8	2024-05-16 23:09:26	FALSE	FALSE	TRUE	TRUE	FALSE	TRUE	16	TP SBL20004 2024 - Group A - Biscutella herbivory	mapp_batch_00109 LCMS metabolomics dataset	BK	sample_type	20	0	QC	source_taxon	Plutella xylostella	exclude				sample_type	sample	include												686365fe75624ed8be661d43be058592	100	mapp_batch_00109	mapp_project_00050	mapp_batch_00109	.mzML	C:/Program Files/RStudio/resources/app/bin/quarto/bin/tools	unix	source_taxon	/Users/pma/Dropbox/git_repos/COMMONS_Lab/SBL.20004.2024/docs	/Users/pma/Dropbox/git_repos/COMMONS_Lab/SBL.20004.2024/docs/mapp_project_00050/mapp_batch_00109/results/stats	0.05	full	full
7fc2519c90b6cf688253750ec82a758a	2024-05-16 23:10:09	FALSE	FALSE	TRUE	TRUE	FALSE	TRUE	16	TP SBL20004 2024 - Group A - Biscutella herbivory	mapp_batch_00109 LCMS metabolomics dataset	BK	sample_type	NA	0	QC	source_taxon	Plutella xylostella	exclude				sample_type	sample	include												686365fe75624ed8be661d43be058592	100	mapp_batch_00109	mapp_project_00050	mapp_batch_00109	.mzML	C:/Program Files/RStudio/resources/app/bin/quarto/bin/tools	unix	source_taxon	/Users/pma/Dropbox/git_repos/COMMONS_Lab/SBL.20004.2024/docs	/Users/pma/Dropbox/git_repos/COMMONS_Lab/SBL.20004.2024/docs/mapp_project_00050/mapp_batch_00109/results/stats	0.05	full	full
