id,observed_on_string,observed_on,time_observed_at,time_zone,user_id,user_login,created_at,updated_at,quality_grade,license,url,image_url,sound_url,tag_list,description,num_identification_agreements,num_identification_disagreements,captive_cultivated,oauth_application_id,place_guess,latitude,longitude,positional_accuracy,private_place_guess,private_latitude,private_longitude,public_positional_accuracy,geoprivacy,taxon_geoprivacy,coordinates_obscured,positioning_method,positioning_device,species_guess,scientific_name,common_name,iconic_taxon_name,taxon_id
109442071,2022-03-25 10:33:03,2022-03-25,2022-03-25 10:33:03 UTC,UTC,5448878,manu_defossez,2022-03-25 09:34:27 UTC,2022-05-05 18:47:30 UTC,casual,,https://www.inaturalist.org/observations/109442071,https://static.inaturalist.org/photos/184457357/medium.jpeg,,"",Jardin botanique fribourg ,1,0,true,2,"Fribourg, Suisse",46.79323042,7.15587558,9,,,,9,,,false,,,Euphorbia resinifera,Euphorbia resinifera,,Plantae,337712
109442139,2022/03/25 9:35 AM UTC,2022-03-25,2022-03-25 09:35:00 UTC,UTC,1378031,pmallard,2022-03-25 09:36:55 UTC,2022-05-18 09:11:33 UTC,casual,CC0,https://www.inaturalist.org/observations/109442139,https://inaturalist-open-data.s3.amazonaws.com/photos/184457413/medium.jpeg,,"","",0,0,true,,"Fribourg, Suisse",46.7930983215,7.1556696784,2,,,,2,,,false,,,Haworthia cymbiformis cymbiformis,Haworthia cymbiformis cymbiformis,,Plantae,428832
110378623,2022/04/04 9:52 AM CEST,2022-04-04,2022-04-04 07:52:00 UTC,Paris,1378031,pmallard,2022-04-04 07:55:28 UTC,2022-05-18 09:11:33 UTC,casual,CC0,https://www.inaturalist.org/observations/110378623,https://inaturalist-open-data.s3.amazonaws.com/photos/186192013/medium.jpeg,,"",,2,0,true,,"Fribourg, Suisse",46.7930894751,7.1557462381,1,,,,1,,,false,,,Echeveria elegans,Echeveria elegans,,Plantae,206749
110378951,2022/04/04 10:01 AM CEST,2022-04-04,2022-04-04 08:01:00 UTC,Paris,1378031,pmallard,2022-04-04 08:04:00 UTC,2022-05-18 09:11:33 UTC,casual,CC0,https://www.inaturalist.org/observations/110378951,https://inaturalist-open-data.s3.amazonaws.com/photos/186192533/medium.jpeg,,"",,0,0,true,,"Fribourg, Suisse",46.7931329705,7.1556416098,1,,,,1,,,false,,,Oscularia deltoides,Oscularia deltoides,,Plantae,60102
110379056,2022/04/04 10:05 AM CEST,2022-04-04,2022-04-04 08:05:00 UTC,Paris,1378031,pmallard,2022-04-04 08:06:50 UTC,2022-05-18 09:11:33 UTC,casual,CC0,https://www.inaturalist.org/observations/110379056,https://inaturalist-open-data.s3.amazonaws.com/photos/186192776/medium.jpeg,,"","",0,0,true,,"Fribourg, Suisse",46.792997472,7.156600292,,,,,,,,false,,,Leonurus cardiaca,Leonurus cardiaca,agripaume,Plantae,56171
110379127,2022/04/04 10:07 AM CEST,2022-04-04,2022-04-04 08:07:00 UTC,Paris,1378031,pmallard,2022-04-04 08:09:14 UTC,2022-05-18 09:11:33 UTC,casual,CC0,https://www.inaturalist.org/observations/110379127,https://inaturalist-open-data.s3.amazonaws.com/photos/186193009/medium.jpeg,,"",,0,0,true,,"Fribourg, Suisse",46.7930116913,7.1566172633,1,,,,1,,open,false,,,Ephedra distachya helvetica,Ephedra distachya helvetica,Ephèdre de Suisse,Plantae,340439
110560140,2022-04-06 10:04:20,2022-04-06,2022-04-06 08:04:20 UTC,Zurich,5367650,edouardbruelhart,2022-04-06 08:52:23 UTC,2022-04-06 10:16:43 UTC,casual,CC-BY-NC,https://www.inaturalist.org/observations/110560140,https://inaturalist-open-data.s3.amazonaws.com/photos/186526029/medium.jpeg,,"",,1,0,true,2,"Fribourg, Suisse",46.7930857303,7.155725956,3,,,,3,,,false,gps,gps,Echeveria elegans,Echeveria elegans,,Plantae,206749
110561024,2022-04-06 09:57:56,2022-04-06,2022-04-06 07:57:56 UTC,Zurich,5367650,edouardbruelhart,2022-04-06 09:23:00 UTC,2022-04-06 09:23:20 UTC,casual,CC-BY-NC,https://www.inaturalist.org/observations/110561024,https://inaturalist-open-data.s3.amazonaws.com/photos/186527978/medium.jpeg,,"",,0,0,true,2,"Fribourg, Suisse",46.7930074565,7.1566043794,3,,,,3,,,false,gps,gps,agripaume,Leonurus cardiaca,agripaume,Plantae,56171
110561094,2022-04-06 10:00:53,2022-04-06,2022-04-06 08:00:53 UTC,Zurich,5367650,edouardbruelhart,2022-04-06 09:25:00 UTC,2022-04-06 10:07:19 UTC,casual,CC-BY-NC,https://www.inaturalist.org/observations/110561094,https://inaturalist-open-data.s3.amazonaws.com/photos/186528090/medium.jpeg,,"",,1,0,true,2,"Fribourg, Suisse",46.793010211,7.1566047147,3,,,,3,,open,false,gps,gps,Schweizer Meerträubchen,Ephedra distachya helvetica,Ephèdre de Suisse,Plantae,340439
110561169,2022-04-06 10:08:20,2022-04-06,2022-04-06 08:08:20 UTC,Paris,5367650,edouardbruelhart,2022-04-06 09:26:50 UTC,2022-04-06 09:39:32 UTC,casual,CC-BY-NC,https://www.inaturalist.org/observations/110561169,https://inaturalist-open-data.s3.amazonaws.com/photos/186528195/medium.jpeg,,"",,0,0,true,2,"Fribourg, Suisse",46.7931353113,7.1556428075,4,,,,4,,,false,gps,gps,Deltoid-leaved Dewplant,Oscularia deltoides,,Plantae,60102
111308148,2022/04/13 4:30 PM CEST,2022-04-13,2022-04-13 14:30:00 UTC,Paris,5509038,carolavelti,2022-04-13 14:35:10 UTC,2022-04-13 14:41:27 UTC,casual,CC-BY-NC,https://www.inaturalist.org/observations/111308148,https://inaturalist-open-data.s3.amazonaws.com/photos/187889420/medium.jpeg,,"","",0,0,true,,"Friburgo, Svizzera",46.7930194444,7.1565638889,4,,,,4,,,false,,,Aglio Orsino,Allium ursinum,Ail des ours,Plantae,56152
111309381,2022/04/13 3:55 PM CEST,2022-04-13,2022-04-13 13:55:00 UTC,Paris,5509038,carolavelti,2022-04-13 14:48:02 UTC,2022-04-13 14:48:02 UTC,casual,CC-BY-NC,https://www.inaturalist.org/observations/111309381,https://inaturalist-open-data.s3.amazonaws.com/photos/187891553/medium.jpeg,,"",,0,0,true,,"Friburgo, Svizzera",46.7930361111,7.1564833333,5,,,,5,,open,false,,,Lavanda Officinale,Lavandula angustifolia,Lavande officinale,Plantae,133395
111310606,2022-04-13 16:47:32,2022-04-13,2022-04-13 14:47:32 UTC,Zurich,5508885,gloria_l,2022-04-13 14:59:53 UTC,2022-04-13 15:00:15 UTC,casual,CC-BY-NC,https://www.inaturalist.org/observations/111310606,https://static.inaturalist.org/photos/187893832/medium.jpeg,,"",,0,0,true,2,"Friburgo, Svizzera",46.7930009722,7.156752,,,,,,,,false,gps,gps,Salvia moscatella,Salvia sclarea,Sauge sclarée,Plantae,168396
111311388,2022-04-13 16:46:55,2022-04-13,2022-04-13 14:46:55 UTC,Zurich,5508885,gloria_l,2022-04-13 15:07:56 UTC,2022-04-13 15:08:18 UTC,casual,CC-BY-NC,https://www.inaturalist.org/observations/111311388,https://static.inaturalist.org/photos/187895120/medium.jpeg,,"",,0,0,true,2,"Friburgo, Svizzera",46.79298,7.156785,,,,,,,open,false,gps,gps,Salvia,Salvia officinalis,Sauge officinale,Plantae,51738
111311826,2022-04-13 16:46:24,2022-04-13,2022-04-13 14:46:24 UTC,Zurich,5508885,gloria_l,2022-04-13 15:12:57 UTC,2022-05-15 14:35:13 UTC,casual,CC-BY-NC,https://www.inaturalist.org/observations/111311826,https://static.inaturalist.org/photos/187895931/medium.jpeg,,"",,0,0,true,2,"Friburgo, Svizzera",46.7929779722,7.1567579722,,,,,,,,false,gps,gps,Silver Sage,Salvia argentea,,Plantae,168374
111311938,2022-04-13 16:45:22,2022-04-13,2022-04-13 14:45:22 UTC,Zurich,5508885,gloria_l,2022-04-13 15:14:21 UTC,2022-04-13 15:14:42 UTC,casual,CC-BY-NC,https://www.inaturalist.org/observations/111311938,https://static.inaturalist.org/photos/187896157/medium.jpeg,,"",,0,0,true,2,"Friburgo, Svizzera",46.7930119722,7.1567639722,,,,,,,open,false,gps,gps,Salvia,Salvia officinalis,Sauge officinale,Plantae,51738
111312071,2022-04-13 16:44:02,2022-04-13,2022-04-13 14:44:02 UTC,Zurich,5508885,gloria_l,2022-04-13 15:15:06 UTC,2022-04-13 15:15:28 UTC,casual,CC-BY-NC,https://www.inaturalist.org/observations/111312071,https://static.inaturalist.org/photos/187896259/medium.jpeg,,"",,0,0,true,2,"Friburgo, Svizzera",46.7929419722,7.1567759722,,,,,,,,false,gps,gps,Creeping Sage,Salvia scabra,,Plantae,593708
111312224,2022-04-13 16:43:03,2022-04-13,2022-04-13 14:43:03 UTC,Zurich,5508885,gloria_l,2022-04-13 15:17:00 UTC,2022-04-13 15:19:48 UTC,casual,CC-BY-NC,https://www.inaturalist.org/observations/111312224,https://static.inaturalist.org/photos/187896513/medium.jpeg,,"",,0,0,true,2,"Friburgo, Svizzera",46.7929379722,7.1567679722,,,,,,,,false,gps,gps,Salvia candidissima,Salvia candidissima,,Plantae,513850
111312445,2022-04-13 16:21:20,2022-04-13,2022-04-13 14:21:20 UTC,Paris,5505943,ola_abdelrahman,2022-04-13 15:18:57 UTC,2022-04-13 15:24:57 UTC,casual,CC-BY-NC,https://www.inaturalist.org/observations/111312445,https://static.inaturalist.org/photos/187896844/medium.jpeg,,"",,0,0,true,2,Switzerland,46.7762019389,7.0065593507,,,,,26967,,obscured,true,,,saintpaulia ionantha,Streptocarpus ionanthus,,Plantae,927983
111312539,2022-04-13 16:41:27,2022-04-13,2022-04-13 14:41:27 UTC,Zurich,5508885,gloria_l,2022-04-13 15:19:51 UTC,2022-04-13 15:20:14 UTC,casual,CC-BY-NC,https://www.inaturalist.org/observations/111312539,https://static.inaturalist.org/photos/187896994/medium.jpeg,,"",,0,0,true,2,"Friburgo, Svizzera",46.792962,7.156723,,,,,,,,false,gps,gps,Salvia palaestina,Salvia palaestina,,Plantae,559392
111312601,2022-04-13 16:40:38,2022-04-13,2022-04-13 14:40:38 UTC,Zurich,5508885,gloria_l,2022-04-13 15:20:31 UTC,2022-04-13 15:20:53 UTC,casual,CC-BY-NC,https://www.inaturalist.org/observations/111312601,https://inaturalist-open-data.s3.amazonaws.com/photos/187897093/medium.jpeg,,"",,0,0,true,2,"Friburgo, Svizzera",46.792963,7.1567259722,,,,,,,,false,gps,gps,Salvia interrupta,Salvia interrupta,,Plantae,1186783
111312692,2022-04-13 16:38:29,2022-04-13,2022-04-13 14:38:29 UTC,Zurich,5508885,gloria_l,2022-04-13 15:21:34 UTC,2022-04-13 15:21:58 UTC,casual,CC-BY-NC,https://www.inaturalist.org/observations/111312692,https://inaturalist-open-data.s3.amazonaws.com/photos/187897243/medium.jpeg,,"",,0,0,true,2,"Friburgo, Svizzera",46.7929559722,7.156773,,,,,,,,false,gps,gps,Salvia przewalskii,Salvia przewalskii,,Plantae,821033
111312745,2022-04-13 16:36:41,2022-04-13,2022-04-13 14:36:41 UTC,Zurich,5508885,gloria_l,2022-04-13 15:22:19 UTC,2022-04-13 15:22:41 UTC,casual,CC-BY-NC,https://www.inaturalist.org/observations/111312745,https://inaturalist-open-data.s3.amazonaws.com/photos/187897360/medium.jpeg,,"",,0,0,true,2,"Friburgo, Svizzera",46.7928939722,7.15671,,,,,,,,false,gps,gps,Himalayan Yellow Sage,Salvia nubicola,,Plantae,464687
111312848,2022-04-13 16:34:59,2022-04-13,2022-04-13 14:34:59 UTC,Zurich,5508885,gloria_l,2022-04-13 15:23:40 UTC,2022-04-13 15:24:01 UTC,casual,CC-BY-NC,https://www.inaturalist.org/observations/111312848,https://inaturalist-open-data.s3.amazonaws.com/photos/187897559/medium.jpeg,,"",,0,0,true,2,"Friburgo, Svizzera",46.7928679722,7.1566879722,,,,,,,,false,gps,gps,Salvia verticillata verticillata,Salvia verticillata verticillata,,Plantae,1003649
111312939,2022-04-13 16:33:16,2022-04-13,2022-04-13 14:33:16 UTC,Zurich,5508885,gloria_l,2022-04-13 15:24:35 UTC,2022-04-13 15:24:59 UTC,casual,CC-BY-NC,https://www.inaturalist.org/observations/111312939,https://inaturalist-open-data.s3.amazonaws.com/photos/187897689/medium.jpeg,,"",,0,0,true,2,"Friburgo, Svizzera",46.792805,7.1566109722,,,,,,,,false,gps,gps,red sage,Salvia miltiorrhiza,,Plantae,715830
111313011,2022-04-13 16:29:26,2022-04-13,2022-04-13 14:29:26 UTC,Zurich,5508885,gloria_l,2022-04-13 15:25:29 UTC,2022-04-13 15:25:51 UTC,casual,CC-BY-NC,https://www.inaturalist.org/observations/111313011,https://inaturalist-open-data.s3.amazonaws.com/photos/187897813/medium.jpeg,,"",,0,0,true,2,"Friburgo, Svizzera",46.7929639722,7.1565739722,,,,,,,open,false,gps,gps,Salvia,Salvia officinalis,Sauge officinale,Plantae,51738
111315673,2022-04-13 16:22:53,2022-04-13,2022-04-13 14:22:53 UTC,Zurich,5505943,ola_abdelrahman,2022-04-13 15:55:58 UTC,2022-04-14 15:25:48 UTC,casual,CC-BY-NC,https://www.inaturalist.org/observations/111315673,https://inaturalist-open-data.s3.amazonaws.com/photos/187902849/medium.jpeg,,"","",0,0,true,2,"Fribourg, Switzerland",46.7932527778,7.1551916667,,,,,,,,false,gps,gps,Saintpaulia grotei,Saintpaulia grotei,,Plantae,133946
111315856,2022-04-13 16:25:32,2022-04-13,2022-04-13 14:25:32 UTC,Zurich,5505943,ola_abdelrahman,2022-04-13 15:57:33 UTC,2022-04-13 15:57:53 UTC,casual,CC-BY-NC,https://www.inaturalist.org/observations/111315856,https://inaturalist-open-data.s3.amazonaws.com/photos/187903129/medium.jpeg,,"",,0,0,true,2,"Fribourg, Switzerland",46.7933333333,7.154925,,,,,,,,false,gps,gps,Streptocarpus sp.,Streptocarpus,,Plantae,343506
111316105,2022-04-13 16:27:31,2022-04-13,2022-04-13 14:27:31 UTC,Zurich,5505943,ola_abdelrahman,2022-04-13 15:59:31 UTC,2022-04-13 16:00:00 UTC,casual,CC-BY-NC,https://www.inaturalist.org/observations/111316105,https://inaturalist-open-data.s3.amazonaws.com/photos/187903522/medium.jpeg,,"",,0,0,true,2,"Fribourg, Switzerland",46.7932555556,7.1551777778,,,,,,,,false,gps,gps,Kohleria hirsuta,Kohleria hirsuta,,Plantae,336057
111316329,2022-04-13 16:29:53,2022-04-13,2022-04-13 14:29:53 UTC,Paris,5505943,ola_abdelrahman,2022-04-13 16:01:41 UTC,2022-04-13 16:04:53 UTC,casual,CC-BY-NC,https://www.inaturalist.org/observations/111316329,https://inaturalist-open-data.s3.amazonaws.com/photos/187903916/medium.jpeg,,"",,0,0,true,2,"Fribourg, Switzerland",46.7933222222,7.1549583333,,,,,,,,false,,,Streptocarpus sp.,Streptocarpus,,Plantae,343506
111316572,2022-04-13 16:33:46,2022-04-13,2022-04-13 14:33:46 UTC,Zurich,5505943,ola_abdelrahman,2022-04-13 16:03:54 UTC,2022-04-13 16:04:23 UTC,casual,CC-BY-NC,https://www.inaturalist.org/observations/111316572,https://inaturalist-open-data.s3.amazonaws.com/photos/187904273/medium.jpeg,,"",,0,0,true,2,"Fribourg, Switzerland",46.793325,7.1549583333,,,,,,,open,false,gps,gps,Streptocarpus caulescens,Streptocarpus caulescens,,Plantae,443983
111316921,2022-04-13 16:36:39,2022-04-13,2022-04-13 14:36:39 UTC,Zurich,5505943,ola_abdelrahman,2022-04-13 16:06:50 UTC,2022-04-13 16:07:06 UTC,casual,CC-BY-NC,https://www.inaturalist.org/observations/111316921,https://inaturalist-open-data.s3.amazonaws.com/photos/187904741/medium.jpeg,,"",,0,0,true,2,"Fribourg, Switzerland",46.7933194444,7.1549583333,,,,,,,,false,gps,gps,Columnea hirta,Columnea hirta,,Plantae,291311
111317283,2022-04-13 16:38:23,2022-04-13,2022-04-13 14:38:23 UTC,Paris,5505943,ola_abdelrahman,2022-04-13 16:10:53 UTC,2022-04-13 16:12:45 UTC,casual,CC-BY-NC,https://www.inaturalist.org/observations/111317283,https://inaturalist-open-data.s3.amazonaws.com/photos/187905499/medium.jpeg,,"",,0,0,true,2,"Fribourg, Switzerland",46.7933222222,7.1549916667,,,,,,,,false,,,Columnea microcalyx,Columnea microcalyx,,Plantae,627980
112068555,2022/04/19 10:32 AM CEST,2022-04-19,2022-04-19 08:32:00 UTC,Paris,5367650,edouardbruelhart,2022-04-19 18:33:22 UTC,2022-04-19 18:33:22 UTC,casual,CC-BY-NC,https://www.inaturalist.org/observations/112068555,https://inaturalist-open-data.s3.amazonaws.com/photos/189265693/medium.jpg,,"",,0,0,true,,"Fribourg, Suisse",46.79271172,7.155959371,,,,,,,,false,,,Physalis peruviana,Physalis peruviana,,Plantae,51988
112069907,2022/04/19 10:39 AM CEST,2022-04-19,2022-04-19 08:39:00 UTC,Paris,5367650,edouardbruelhart,2022-04-19 18:44:51 UTC,2022-04-19 18:44:51 UTC,casual,CC-BY-NC,https://www.inaturalist.org/observations/112069907,https://inaturalist-open-data.s3.amazonaws.com/photos/189267698/medium.jpg,,"",,0,0,true,,"Fribourg, Suisse",46.79270976,7.155948693,,,,,,,,false,,,Payena leerii,Payena leerii,,Plantae,1377067
112070439,2022/04/19 10:45 AM CEST,2022-04-19,2022-04-19 08:45:00 UTC,Paris,5367650,edouardbruelhart,2022-04-19 18:49:00 UTC,2022-04-19 18:49:00 UTC,casual,CC-BY-NC,https://www.inaturalist.org/observations/112070439,https://inaturalist-open-data.s3.amazonaws.com/photos/189269071/medium.jpg,,"",,0,0,true,,"Fribourg, Suisse",46.79271303,7.155941926,,,,,,,,false,,,Caoutchouc,Ficus elastica,Caoutchouc,Plantae,126507
112070816,2022/04/19 10:47 AM CEST,2022-04-19,2022-04-19 08:47:00 UTC,Paris,5367650,edouardbruelhart,2022-04-19 18:52:19 UTC,2022-04-19 18:52:19 UTC,casual,CC-BY-NC,https://www.inaturalist.org/observations/112070816,https://inaturalist-open-data.s3.amazonaws.com/photos/189269784/medium.jpg,,"",,0,0,true,,"Fribourg, Suisse",46.79270744,7.155945049,,,,,,,open,false,,,Carludovica palmata,Carludovica palmata,,Plantae,120240
112071078,2022/04/19 10:54 AM CEST,2022-04-19,2022-04-19 08:54:00 UTC,Paris,5367650,edouardbruelhart,2022-04-19 18:55:01 UTC,2022-04-19 18:55:01 UTC,casual,CC-BY-NC,https://www.inaturalist.org/observations/112071078,https://inaturalist-open-data.s3.amazonaws.com/photos/189270269/medium.jpg,,"",,0,0,true,,"Fribourg, Suisse",46.79270856,7.155930699,,,,,,,,false,,,Abutilon grandifolium,Abutilon grandifolium,,Plantae,157839
112079118,2022/04/19 11:01 AM CEST,2022-04-19,2022-04-19 09:01:00 UTC,Paris,5367650,edouardbruelhart,2022-04-19 20:09:16 UTC,2022-04-19 20:09:16 UTC,casual,CC-BY-NC,https://www.inaturalist.org/observations/112079118,https://inaturalist-open-data.s3.amazonaws.com/photos/189272161/medium.jpg,,"",,0,0,true,,"Fribourg, Suisse",46.79270098,7.155904174,,,,,,,open,false,,,Calebasse,Crescentia cujete,calebasse,Plantae,161121
112079119,2022/04/19 11:10 AM CEST,2022-04-19,2022-04-19 09:10:00 UTC,Paris,5367650,edouardbruelhart,2022-04-19 20:09:17 UTC,2022-04-19 20:09:17 UTC,casual,CC-BY-NC,https://www.inaturalist.org/observations/112079119,https://inaturalist-open-data.s3.amazonaws.com/photos/189272738/medium.jpg,,"",,0,0,true,,"Fribourg, Suisse",46.79269729,7.155902633,,,,,,,open,false,,,Purau,Hibiscus tiliaceus,Purau,Plantae,62868
112079120,2022/04/19 11:05 AM CEST,2022-04-19,2022-04-19 09:05:00 UTC,Paris,5367650,edouardbruelhart,2022-04-19 20:09:17 UTC,2022-04-19 20:09:17 UTC,casual,CC-BY-NC,https://www.inaturalist.org/observations/112079120,https://inaturalist-open-data.s3.amazonaws.com/photos/189272547/medium.jpg,,"",,0,0,true,,Switzerland,46.6037641965,7.0856748951,,,,,26967,,obscured,true,,,Khaya du Sénégal,Khaya senegalensis,Khaya du Sénégal,Plantae,359078
112079122,2022/04/19 11:14 AM CEST,2022-04-19,2022-04-19 09:14:00 UTC,Paris,5367650,edouardbruelhart,2022-04-19 20:09:18 UTC,2022-04-19 20:09:18 UTC,casual,CC-BY-NC,https://www.inaturalist.org/observations/112079122,https://inaturalist-open-data.s3.amazonaws.com/photos/189272991/medium.jpg,,"",,0,0,true,,"Fribourg, Suisse",46.79269144,7.155886249,,,,,,,,false,,,Abroma augustum,Abroma augustum,,Plantae,343895
112079124,2022/04/19 11:17 AM CEST,2022-04-19,2022-04-19 09:17:00 UTC,Paris,5367650,edouardbruelhart,2022-04-19 20:09:18 UTC,2022-04-19 20:09:18 UTC,casual,CC-BY-NC,https://www.inaturalist.org/observations/112079124,https://inaturalist-open-data.s3.amazonaws.com/photos/189273214/medium.jpg,,"",,0,0,true,,"Fribourg, Suisse",46.79268915,7.155883495,,,,,,,,false,,,Gossypium arboreum,Gossypium arboreum,,Plantae,868449
112079126,2022/04/19 11:21 AM CEST,2022-04-19,2022-04-19 09:21:00 UTC,Paris,5367650,edouardbruelhart,2022-04-19 20:09:19 UTC,2022-04-19 20:09:19 UTC,casual,CC-BY-NC,https://www.inaturalist.org/observations/112079126,https://inaturalist-open-data.s3.amazonaws.com/photos/189273440/medium.jpg,,"",,0,0,true,,"Fribourg, Suisse",46.7926844,7.155882137,,,,,,,open,false,,,Souchet Comestible,Cyperus esculentus,Souchet comestible,Plantae,76584
112079127,2022/04/19 11:25 AM CEST,2022-04-19,2022-04-19 09:25:00 UTC,Paris,5367650,edouardbruelhart,2022-04-19 20:09:19 UTC,2022-04-19 20:09:19 UTC,casual,CC-BY-NC,https://www.inaturalist.org/observations/112079127,https://inaturalist-open-data.s3.amazonaws.com/photos/189273588/medium.jpg,,"",,0,0,true,,"Fribourg, Suisse",46.79268116,7.155878006,,,,,,,open,false,,,Avocatier,Persea americana,Avocatier,Plantae,62831
112079128,2022/04/19 11:28 AM CEST,2022-04-19,2022-04-19 09:28:00 UTC,Paris,5367650,edouardbruelhart,2022-04-19 20:09:20 UTC,2022-04-19 20:09:20 UTC,casual,CC-BY-NC,https://www.inaturalist.org/observations/112079128,https://inaturalist-open-data.s3.amazonaws.com/photos/189273757/medium.jpg,,"",,0,0,true,,"Fribourg, Suisse",46.79267491,7.1558844,,,,,,,,false,,,Arachis hypogaea,Arachis hypogaea,arachide,Plantae,63205
112079129,2022/04/19 11:31 AM CEST,2022-04-19,2022-04-19 09:31:00 UTC,Paris,5367650,edouardbruelhart,2022-04-19 20:09:21 UTC,2022-04-19 20:09:21 UTC,casual,CC-BY-NC,https://www.inaturalist.org/observations/112079129,https://inaturalist-open-data.s3.amazonaws.com/photos/189273928/medium.jpg,,"",,0,0,true,,"Fribourg, Suisse",46.79268496,7.155890853,,,,,,,,false,,,Canne à Sucre,Saccharum officinarum,Canne à sucre,Plantae,128270
112079130,2022/04/19 11:34 AM CEST,2022-04-19,2022-04-19 09:34:00 UTC,Paris,5367650,edouardbruelhart,2022-04-19 20:09:21 UTC,2022-04-19 20:09:21 UTC,casual,CC-BY-NC,https://www.inaturalist.org/observations/112079130,https://inaturalist-open-data.s3.amazonaws.com/photos/189274062/medium.jpg,,"",,0,0,true,,"Fribourg, Suisse",46.792693,7.15590394,,,,,,,,false,,,Balisier d'Inde,Canna indica,Balisier d'Inde,Plantae,146643
112079135,2022/04/19 11:46 AM CEST,2022-04-19,2022-04-19 09:46:00 UTC,Paris,5367650,edouardbruelhart,2022-04-19 20:09:22 UTC,2022-04-20 12:17:17 UTC,casual,CC-BY-NC,https://www.inaturalist.org/observations/112079135,https://inaturalist-open-data.s3.amazonaws.com/photos/189274692/medium.jpg,,"",,1,0,true,,"Fribourg, Suisse",46.79269213,7.155925442,,,,,,,,false,,,Plantain,Musa × paradisiaca,Banane,Plantae,170883
112079136,2022/04/19 11:44 AM CEST,2022-04-19,2022-04-19 09:44:00 UTC,Paris,5367650,edouardbruelhart,2022-04-19 20:09:22 UTC,2022-04-19 20:09:22 UTC,casual,CC-BY-NC,https://www.inaturalist.org/observations/112079136,https://inaturalist-open-data.s3.amazonaws.com/photos/189274408/medium.jpg,,"",,0,0,true,,Switzerland,46.6802860003,7.0361521791,,,,,26967,,obscured,true,,,Cycas circinalis,Cycas circinalis,,Plantae,136153
112079137,2022/04/19 11:49 AM CEST,2022-04-19,2022-04-19 09:49:00 UTC,Paris,5367650,edouardbruelhart,2022-04-19 20:09:22 UTC,2022-04-19 20:09:23 UTC,casual,CC-BY-NC,https://www.inaturalist.org/observations/112079137,https://inaturalist-open-data.s3.amazonaws.com/photos/189275038/medium.jpg,,"",,0,0,true,,"Fribourg, Suisse",46.79269601,7.155931047,,,,,,,,false,,,Choca Vert,Furcraea foetida,Choca vert,Plantae,163131
112079138,2022/04/19 11:58 AM CEST,2022-04-19,2022-04-19 09:58:00 UTC,Paris,5367650,edouardbruelhart,2022-04-19 20:09:24 UTC,2022-04-19 20:09:24 UTC,casual,CC-BY-NC,https://www.inaturalist.org/observations/112079138,https://inaturalist-open-data.s3.amazonaws.com/photos/189275768/medium.jpg,,"",,0,0,true,,"Fribourg, Suisse",46.792699221,7.155946694,,,,,,,,false,,,Langue de Belle-Mere,Sansevieria trifasciata,Langue de Belle-mere,Plantae,67710
112079139,2022/04/19 11:55 AM CEST,2022-04-19,2022-04-19 09:55:00 UTC,Paris,5367650,edouardbruelhart,2022-04-19 20:09:24 UTC,2022-04-19 20:09:24 UTC,casual,CC-BY-NC,https://www.inaturalist.org/observations/112079139,https://inaturalist-open-data.s3.amazonaws.com/photos/189275587/medium.jpg,,"",,0,0,true,,"Fribourg, Suisse",46.79270656,7.155937415,,,,,,,,false,,,Langue de Belle-Mere,Sansevieria trifasciata,Langue de Belle-mere,Plantae,67710
112079140,2022/04/19 11:52 AM CEST,2022-04-19,2022-04-19 09:52:00 UTC,Paris,5367650,edouardbruelhart,2022-04-19 20:09:24 UTC,2022-04-19 20:09:24 UTC,casual,CC-BY-NC,https://www.inaturalist.org/observations/112079140,https://inaturalist-open-data.s3.amazonaws.com/photos/189275403/medium.jpg,,"",,0,0,true,,"Fribourg, Suisse",46.79270258,7.155932624,,,,,,,,false,,,Sansevieria longiflora,Sansevieria longiflora,,Plantae,168424
112079143,2022/04/19 12:00 PM CEST,2022-04-19,2022-04-19 10:00:00 UTC,Paris,5367650,edouardbruelhart,2022-04-19 20:09:26 UTC,2022-04-19 20:09:26 UTC,casual,CC-BY-NC,https://www.inaturalist.org/observations/112079143,https://inaturalist-open-data.s3.amazonaws.com/photos/189275927/medium.jpg,,"",,0,0,true,,"Fribourg, Suisse",46.79269933,7.155946498,,,,,,,,false,,,Langue de Belle-Mere,Sansevieria trifasciata,Langue de Belle-mere,Plantae,67710
112079144,2022/04/19 12:03 PM CEST,2022-04-19,2022-04-19 10:03:00 UTC,Paris,5367650,edouardbruelhart,2022-04-19 20:09:26 UTC,2022-04-19 20:09:26 UTC,casual,CC-BY-NC,https://www.inaturalist.org/observations/112079144,https://inaturalist-open-data.s3.amazonaws.com/photos/189276138/medium.jpg,,"",,0,0,true,,Switzerland,46.7223199523,7.0997260997,,,,,26967,,obscured,true,,,Palmier de Guadalupe,Brahea edulis,Palmier de Guadalupe,Plantae,56849
112079145,2022/04/19 12:07 PM CEST,2022-04-19,2022-04-19 10:07:00 UTC,Paris,5367650,edouardbruelhart,2022-04-19 20:09:26 UTC,2022-04-19 20:09:26 UTC,casual,CC-BY-NC,https://www.inaturalist.org/observations/112079145,https://inaturalist-open-data.s3.amazonaws.com/photos/189276351/medium.jpg,,"",,0,0,true,,"Fribourg, Suisse",46.79270632,7.155962212,,,,,,,open,false,,,Papayer,Carica papaya,Papayer,Plantae,62811
112079147,2022/04/19 12:13 PM CEST,2022-04-19,2022-04-19 10:13:00 UTC,Paris,5367650,edouardbruelhart,2022-04-19 20:09:27 UTC,2022-04-19 20:09:27 UTC,casual,CC-BY-NC,https://www.inaturalist.org/observations/112079147,https://inaturalist-open-data.s3.amazonaws.com/photos/189276751/medium.jpg,,"",,0,0,true,,"Fribourg, Suisse",46.79273929,7.155940611,,,,,,,,false,,,Riz,Oryza sativa,Riz,Plantae,61381
112079148,2022/04/19 12:11 PM CEST,2022-04-19,2022-04-19 10:11:00 UTC,Paris,5367650,edouardbruelhart,2022-04-19 20:09:27 UTC,2022-04-19 20:09:27 UTC,casual,CC-BY-NC,https://www.inaturalist.org/observations/112079148,https://inaturalist-open-data.s3.amazonaws.com/photos/189276550/medium.jpg,,"",,0,0,true,,"Fribourg, Suisse",46.7927419,7.155930011,,,,,,,open,false,,,Papyrus,Cyperus papyrus,Papyrus,Plantae,161469
112079149,2022/04/19 12:19 PM CEST,2022-04-19,2022-04-19 10:19:00 UTC,Paris,5367650,edouardbruelhart,2022-04-19 20:09:27 UTC,2022-04-20 12:16:20 UTC,casual,CC-BY-NC,https://www.inaturalist.org/observations/112079149,https://inaturalist-open-data.s3.amazonaws.com/photos/189276938/medium.jpg,,"",,1,0,true,,"Fribourg, Suisse",46.79273062,7.155911785,,,,,,,,false,,,Japanese banana,Musa basjoo,Bananier du Japon,Plantae,502195
112079153,2022/04/19 1:59 PM CEST,2022-04-19,2022-04-19 11:59:00 UTC,Paris,5367650,edouardbruelhart,2022-04-19 20:09:28 UTC,2022-04-19 20:09:28 UTC,casual,CC-BY-NC,https://www.inaturalist.org/observations/112079153,https://inaturalist-open-data.s3.amazonaws.com/photos/189277088/medium.jpg,,"",,0,0,true,,"Fribourg, Suisse",46.79272612,7.155901469,,,,,,,,false,,,Boehmeria nivea,Boehmeria nivea,,Plantae,159288
112079154,2022/04/19 2:12 PM CEST,2022-04-19,2022-04-19 12:12:00 UTC,Paris,5367650,edouardbruelhart,2022-04-19 20:09:29 UTC,2022-04-19 20:09:29 UTC,casual,CC-BY-NC,https://www.inaturalist.org/observations/112079154,https://inaturalist-open-data.s3.amazonaws.com/photos/189277531/medium.jpg,,"",,0,0,true,,"Fribourg, Suisse",46.79271854,7.155888416,,,,,,,open,false,,,Cascabela thevetia,Cascabela thevetia,,Plantae,277115
112079156,2022/04/19 2:05 PM CEST,2022-04-19,2022-04-19 12:05:00 UTC,Paris,5367650,edouardbruelhart,2022-04-19 20:09:29 UTC,2022-04-19 20:09:29 UTC,casual,CC-BY-NC,https://www.inaturalist.org/observations/112079156,https://inaturalist-open-data.s3.amazonaws.com/photos/189277319/medium.jpg,,"",,0,0,true,,"Fribourg, Suisse",46.79272173,7.155885297,,,,,,,,false,,,Derris elliptica,Derris elliptica,,Plantae,348735
112079159,2022/04/19 2:19 PM CEST,2022-04-19,2022-04-19 12:19:00 UTC,Paris,5367650,edouardbruelhart,2022-04-19 20:09:30 UTC,2022-04-19 20:09:30 UTC,casual,CC-BY-NC,https://www.inaturalist.org/observations/112079159,https://inaturalist-open-data.s3.amazonaws.com/photos/189277765/medium.jpg,,"",,0,0,true,,Switzerland,46.6877733616,7.1040800687,,,,,26967,,obscured,true,,,Gaïac,Guaiacum officinale,Gaïac,Plantae,193075
112079160,2022/04/19 2:25 PM CEST,2022-04-19,2022-04-19 12:25:00 UTC,Paris,5367650,edouardbruelhart,2022-04-19 20:09:30 UTC,2022-04-19 20:09:30 UTC,casual,CC-BY-NC,https://www.inaturalist.org/observations/112079160,https://inaturalist-open-data.s3.amazonaws.com/photos/189278123/medium.jpg,,"",,0,0,true,,"Fribourg, Suisse",46.79271254,7.155881962,,,,,,,,false,,,Pervenche de Madagascar,Catharanthus roseus,Pervenche de Madagascar,Plantae,62924
112079162,2022/04/19 2:31 PM CEST,2022-04-19,2022-04-19 12:31:00 UTC,Paris,5367650,edouardbruelhart,2022-04-19 20:09:30 UTC,2022-04-19 20:09:30 UTC,casual,CC-BY-NC,https://www.inaturalist.org/observations/112079162,https://inaturalist-open-data.s3.amazonaws.com/photos/189278282/medium.jpg,,"",,0,0,true,,"Fribourg, Suisse",46.79270974,7.155879197,,,,,,,,false,,,Noni,Morinda citrifolia,Noni,Plantae,121022
112079169,2022/04/19 2:37 PM CEST,2022-04-19,2022-04-19 12:37:00 UTC,Paris,5367650,edouardbruelhart,2022-04-19 20:09:32 UTC,2022-04-19 20:09:32 UTC,casual,CC-BY-NC,https://www.inaturalist.org/observations/112079169,https://inaturalist-open-data.s3.amazonaws.com/photos/189278432/medium.jpg,,"",,0,0,true,,"Fribourg, Suisse",46.79271774,7.155875078,,,,,,,open,false,,,Strophanthus hispidus,Strophanthus hispidus,,Plantae,473542
112079170,2022/04/19 2:45 PM CEST,2022-04-19,2022-04-19 12:45:00 UTC,Paris,5367650,edouardbruelhart,2022-04-19 20:09:32 UTC,2022-04-19 20:09:32 UTC,casual,CC-BY-NC,https://www.inaturalist.org/observations/112079170,https://inaturalist-open-data.s3.amazonaws.com/photos/189278574/medium.jpg,,"",,0,0,true,,"Fribourg, Suisse",46.79270552,7.155873104,,,,,,,,false,,,Alpinia officinarum,Alpinia officinarum,,Plantae,785903
112079175,2022/04/19 2:52 PM CEST,2022-04-19,2022-04-19 12:52:00 UTC,Paris,5367650,edouardbruelhart,2022-04-19 20:09:33 UTC,2022-04-19 20:09:33 UTC,casual,CC-BY-NC,https://www.inaturalist.org/observations/112079175,https://inaturalist-open-data.s3.amazonaws.com/photos/189278714/medium.jpg,,"",,0,0,true,,"Fribourg, Suisse",46.79270894,7.155868454,,,,,,,open,false,,,Hellenia speciosa,Hellenia speciosa,,Plantae,764909
112079176,2022/04/19 2:59 PM CEST,2022-04-19,2022-04-19 12:59:00 UTC,Paris,5367650,edouardbruelhart,2022-04-19 20:09:33 UTC,2022-04-19 20:09:33 UTC,casual,CC-BY-NC,https://www.inaturalist.org/observations/112079176,https://inaturalist-open-data.s3.amazonaws.com/photos/189278870/medium.jpg,,"",,0,0,true,,"Fribourg, Suisse",46.79271032,7.155862206,,,,,,,,false,,,Psychotria punctata punctata,Psychotria punctata punctata,,Plantae,1377094
112079178,2022/04/19 3:08 PM CEST,2022-04-19,2022-04-19 13:08:00 UTC,Paris,5367650,edouardbruelhart,2022-04-19 20:09:33 UTC,2022-04-19 20:09:33 UTC,casual,CC-BY-NC,https://www.inaturalist.org/observations/112079178,https://inaturalist-open-data.s3.amazonaws.com/photos/189279010/medium.jpg,,"",,0,0,true,,"Fribourg, Suisse",46.79270634,7.155863281,,,,,,,,false,,,Costus afer,Costus afer,,Plantae,142627
112079181,2022/04/19 3:23 PM CEST,2022-04-19,2022-04-19 13:23:00 UTC,Paris,5367650,edouardbruelhart,2022-04-19 20:09:34 UTC,2022-04-19 20:09:34 UTC,casual,CC-BY-NC,https://www.inaturalist.org/observations/112079181,https://inaturalist-open-data.s3.amazonaws.com/photos/189279277/medium.jpg,,"",,0,0,true,,"Fribourg, Suisse",46.79270534,7.155858674,,,,,,,,false,,,Urceolina × grandiflora,Urceolina × grandiflora,,Plantae,914057
112079182,2022/04/19 3:19 PM CEST,2022-04-19,2022-04-19 13:19:00 UTC,Paris,5367650,edouardbruelhart,2022-04-19 20:09:34 UTC,2022-04-19 20:09:34 UTC,casual,CC-BY-NC,https://www.inaturalist.org/observations/112079182,https://inaturalist-open-data.s3.amazonaws.com/photos/189279127/medium.jpg,,"",,0,0,true,,"Fribourg, Suisse",46.79270408,7.15586158,,,,,,,open,false,,,Cassia du Siam,Senna siamea,Cassia du Siam,Plantae,208839
112079185,2022/04/19 3:26 PM CEST,2022-04-19,2022-04-19 13:26:00 UTC,Paris,5367650,edouardbruelhart,2022-04-19 20:09:35 UTC,2022-04-19 20:09:35 UTC,casual,CC-BY-NC,https://www.inaturalist.org/observations/112079185,https://inaturalist-open-data.s3.amazonaws.com/photos/189279369/medium.jpg,,"",,0,0,true,,"Fribourg, Suisse",46.79270941,7.15585773,,,,,,,,false,,,Strophanthus gratus,Strophanthus gratus,,Plantae,343929
112079186,2022/04/19 3:30 PM CEST,2022-04-19,2022-04-19 13:30:00 UTC,Paris,5367650,edouardbruelhart,2022-04-19 20:09:36 UTC,2022-04-19 20:09:36 UTC,casual,CC-BY-NC,https://www.inaturalist.org/observations/112079186,https://inaturalist-open-data.s3.amazonaws.com/photos/189279463/medium.jpg,,"",,0,0,true,,"Fribourg, Suisse",46.79270535,7.155855147,,,,,,,,false,,,Palmier de Floride,Serenoa repens,Palmier de Floride,Plantae,83102
112079188,2022/04/19 3:32 PM CEST,2022-04-19,2022-04-19 13:32:00 UTC,Paris,5367650,edouardbruelhart,2022-04-19 20:09:36 UTC,2022-04-19 20:09:36 UTC,casual,CC-BY-NC,https://www.inaturalist.org/observations/112079188,https://inaturalist-open-data.s3.amazonaws.com/photos/189279601/medium.jpg,,"",,0,0,true,,"Fribourg, Suisse",46.79270165,7.155842419,,,,,,,,false,,,Gynostemma pentaphyllum,Gynostemma pentaphyllum,,Plantae,550198
112079192,2022/04/19 3:35 PM CEST,2022-04-19,2022-04-19 13:35:00 UTC,Paris,5367650,edouardbruelhart,2022-04-19 20:09:36 UTC,2022-04-19 20:09:36 UTC,casual,CC-BY-NC,https://www.inaturalist.org/observations/112079192,https://inaturalist-open-data.s3.amazonaws.com/photos/189279700/medium.jpg,,"",,0,0,true,,"Fribourg, Suisse",46.7926947,7.155848898,,,,,,,,false,,,Piper retrofractum,Piper retrofractum,,Plantae,346855
112079194,2022/04/19 3:41 PM CEST,2022-04-19,2022-04-19 13:41:00 UTC,Paris,5367650,edouardbruelhart,2022-04-19 20:09:38 UTC,2022-04-19 20:09:38 UTC,casual,CC-BY-NC,https://www.inaturalist.org/observations/112079194,https://inaturalist-open-data.s3.amazonaws.com/photos/189279979/medium.jpg,,"",,0,0,true,,"Fribourg, Suisse",46.79268982,7.155856646,,,,,,,,false,,,Erythroxylum coca,Erythroxylum coca,,Plantae,64337
112079195,2022/04/19 3:39 PM CEST,2022-04-19,2022-04-19 13:39:00 UTC,Paris,5367650,edouardbruelhart,2022-04-19 20:09:38 UTC,2022-04-19 20:09:38 UTC,casual,CC-BY-NC,https://www.inaturalist.org/observations/112079195,https://inaturalist-open-data.s3.amazonaws.com/photos/189279905/medium.jpg,,"",,0,0,true,,"Fribourg, Suisse",46.79269372,7.155861622,,,,,,,,false,,,Rivine Humble,Rivina humilis,Rivine humble,Plantae,133291
112079196,2022/04/19 3:43 PM CEST,2022-04-19,2022-04-19 13:43:00 UTC,Paris,5367650,edouardbruelhart,2022-04-19 20:09:39 UTC,2022-04-19 20:09:39 UTC,casual,CC-BY-NC,https://www.inaturalist.org/observations/112079196,https://inaturalist-open-data.s3.amazonaws.com/photos/189280059/medium.jpg,,"",,0,0,true,,"Fribourg, Suisse",46.79268412,7.155865337,,,,,,,,false,,,Tara spinosa,Tara spinosa,,Plantae,768539
112079198,2022/04/19 3:45 PM CEST,2022-04-19,2022-04-19 13:45:00 UTC,Paris,5367650,edouardbruelhart,2022-04-19 20:09:39 UTC,2022-04-19 20:09:39 UTC,casual,CC-BY-NC,https://www.inaturalist.org/observations/112079198,https://inaturalist-open-data.s3.amazonaws.com/photos/189280173/medium.jpg,,"",,0,0,true,,"Fribourg, Suisse",46.79268146,7.155868939,,,,,,,,false,,,Indigofera tinctoria,Indigofera tinctoria,,Plantae,164065
112938868,2022/04/25 9:04 AM,2022-04-25,2022-04-25 07:04:00 UTC,Zurich,5367650,edouardbruelhart,2022-04-26 07:04:16 UTC,2022-04-26 07:04:16 UTC,casual,CC-BY-NC,https://www.inaturalist.org/observations/112938868,https://inaturalist-open-data.s3.amazonaws.com/photos/190595391/medium.jpg,,"",,0,0,true,,"Fribourg, Suisse",46.79267832,7.155869505,,,,,,,open,false,,,Senna alexandrina,Senna alexandrina,,Plantae,52349
112938870,2022/04/25 9:16 AM,2022-04-25,2022-04-25 07:16:00 UTC,Zurich,5367650,edouardbruelhart,2022-04-26 07:04:16 UTC,2022-04-26 07:04:16 UTC,casual,CC-BY-NC,https://www.inaturalist.org/observations/112938870,https://inaturalist-open-data.s3.amazonaws.com/photos/190595602/medium.jpg,,"",,0,0,true,,"Fribourg, Suisse",46.79267245,7.155878803,,,,,,,,false,,,Buis de Chine,Murraya paniculata,Buis de Chine,Plantae,287316
112938871,2022/04/25 9:13 AM,2022-04-25,2022-04-25 07:13:00 UTC,Zurich,5367650,edouardbruelhart,2022-04-26 07:04:16 UTC,2022-04-26 07:04:17 UTC,casual,CC-BY-NC,https://www.inaturalist.org/observations/112938871,https://inaturalist-open-data.s3.amazonaws.com/photos/190595550/medium.jpg,,"",,0,0,true,,"Fribourg, Suisse",46.79267762,7.155874594,,,,,,,open,false,,,Roucou,Bixa orellana,Roucou,Plantae,127676
112938872,2022/04/25 9:22 AM,2022-04-25,2022-04-25 07:22:00 UTC,Zurich,5367650,edouardbruelhart,2022-04-26 07:04:17 UTC,2022-04-26 07:04:17 UTC,casual,CC-BY-NC,https://www.inaturalist.org/observations/112938872,https://inaturalist-open-data.s3.amazonaws.com/photos/190595639/medium.jpg,,"",,0,0,true,,"Fribourg, Suisse",46.79266784,7.155883165,,,,,,,,false,,,Pogostemon cablin,Pogostemon cablin,,Plantae,277910
112938875,2022/04/25 9:25 AM,2022-04-25,2022-04-25 07:25:00 UTC,Zurich,5367650,edouardbruelhart,2022-04-26 07:04:17 UTC,2022-04-27 23:16:47 UTC,casual,CC-BY-NC,https://www.inaturalist.org/observations/112938875,https://inaturalist-open-data.s3.amazonaws.com/photos/190595684/medium.jpg,,"",,1,0,true,,"Fribourg, Suisse",46.79266457,7.155885784,,,,,,,,false,,,Vetiver,Chrysopogon zizanioides,,Plantae,142763
112938876,2022/04/25 9:28 AM,2022-04-25,2022-04-25 07:28:00 UTC,Zurich,5367650,edouardbruelhart,2022-04-26 07:04:18 UTC,2022-04-26 07:04:18 UTC,casual,CC-BY-NC,https://www.inaturalist.org/observations/112938876,https://inaturalist-open-data.s3.amazonaws.com/photos/190595719/medium.jpg,,"",,0,0,true,,"Fribourg, Suisse",46.79266146,7.155894041,,,,,,,open,false,,,Murraya koenigii,Murraya koenigii,,Plantae,123745
112938877,2022/04/25 9:31 AM,2022-04-25,2022-04-25 07:31:00 UTC,Zurich,5367650,edouardbruelhart,2022-04-26 07:04:18 UTC,2022-04-26 07:04:18 UTC,casual,CC-BY-NC,https://www.inaturalist.org/observations/112938877,https://inaturalist-open-data.s3.amazonaws.com/photos/190595773/medium.jpg,,"",,0,0,true,,"Fribourg, Suisse",46.79265952,7.155890148,,,,,,,,false,,,Jasmin d'Arabie,Jasminum sambac,Jasmin d'Arabie,Plantae,135425
112938878,2022/04/25 9:50 AM,2022-04-25,2022-04-25 07:50:00 UTC,Zurich,5367650,edouardbruelhart,2022-04-26 07:04:19 UTC,2022-04-26 07:04:19 UTC,casual,CC-BY-NC,https://www.inaturalist.org/observations/112938878,https://inaturalist-open-data.s3.amazonaws.com/photos/190595948/medium.jpg,,"",,0,0,true,,"Fribourg, Suisse",46.7926417,7.15591041,,,,,,,open,false,,,Vanillier,Vanilla planifolia,Vanillier,Plantae,61393
112938879,2022/04/25 9:53 AM,2022-04-25,2022-04-25 07:53:00 UTC,Zurich,5367650,edouardbruelhart,2022-04-26 07:04:19 UTC,2022-04-26 07:04:19 UTC,casual,CC-BY-NC,https://www.inaturalist.org/observations/112938879,https://inaturalist-open-data.s3.amazonaws.com/photos/190595978/medium.jpg,,"",,0,0,true,,"Fribourg, Suisse",46.79264573,7.155914075,,,,,,,,false,,,Cinnamomum zeylanicum,Cinnamomum zeylanicum,,Plantae,292127
112938881,2022/04/25 10:00 AM,2022-04-25,2022-04-25 08:00:00 UTC,Zurich,5367650,edouardbruelhart,2022-04-26 07:04:20 UTC,2022-04-26 07:04:20 UTC,casual,CC-BY-NC,https://www.inaturalist.org/observations/112938881,https://inaturalist-open-data.s3.amazonaws.com/photos/190596059/medium.jpg,,"",,0,0,true,,"Fribourg, Suisse",46.79264961,7.155919042,,,,,,,,false,,,Persicaria odorata,Persicaria odorata,,Plantae,361865
112938882,2022/04/25 10:02 AM,2022-04-25,2022-04-25 08:02:00 UTC,Zurich,5367650,edouardbruelhart,2022-04-26 07:04:20 UTC,2022-04-26 07:04:20 UTC,casual,CC-BY-NC,https://www.inaturalist.org/observations/112938882,https://inaturalist-open-data.s3.amazonaws.com/photos/190596099/medium.jpg,,"",,0,0,true,,"Fribourg, Suisse",46.79264829,7.155926423,,,,,,,,false,,,Poivre Long,Piper longum,Poivre long,Plantae,346856
112938883,2022/04/25 10:05 AM,2022-04-25,2022-04-25 08:05:00 UTC,Zurich,5367650,edouardbruelhart,2022-04-26 07:04:20 UTC,2022-04-26 07:04:20 UTC,casual,CC-BY-NC,https://www.inaturalist.org/observations/112938883,https://inaturalist-open-data.s3.amazonaws.com/photos/190596144/medium.jpg,,"",,0,0,true,,"Fribourg, Suisse",46.79265083,7.155930529,,,,,,,,false,,,Coleus amboinicus,Coleus amboinicus,,Plantae,963468
112938885,2022/04/25 10:22 AM,2022-04-25,2022-04-25 08:22:00 UTC,Zurich,5367650,edouardbruelhart,2022-04-26 07:04:21 UTC,2022-04-26 07:04:21 UTC,casual,CC-BY-NC,https://www.inaturalist.org/observations/112938885,https://inaturalist-open-data.s3.amazonaws.com/photos/190596189/medium.jpg,,"",,0,0,true,,"Fribourg, Suisse",46.79265677,7.155923776,,,,,,,,false,,,Rungia klossii,Rungia klossii,,Plantae,1081034
112938886,2022/04/25 10:25 AM,2022-04-25,2022-04-25 08:25:00 UTC,Zurich,5367650,edouardbruelhart,2022-04-26 07:04:21 UTC,2022-04-26 07:04:21 UTC,casual,CC-BY-NC,https://www.inaturalist.org/observations/112938886,https://inaturalist-open-data.s3.amazonaws.com/photos/190596229/medium.jpg,,"",,0,0,true,,"Fribourg, Suisse",46.79265544,7.155928553,,,,,,,,false,,,Salvia divinorum,Salvia divinorum,,Plantae,281359
112938888,2022/04/25 10:28 AM,2022-04-25,2022-04-25 08:28:00 UTC,Zurich,5367650,edouardbruelhart,2022-04-26 07:04:21 UTC,2022-04-26 07:04:21 UTC,casual,CC-BY-NC,https://www.inaturalist.org/observations/112938888,https://inaturalist-open-data.s3.amazonaws.com/photos/190596271/medium.jpg,,"",,0,0,true,,"Fribourg, Suisse",46.79265129,7.155935515,,,,,,,,false,,,Piper betle,Piper betle,,Plantae,347653
112938890,2022/04/25 10:33 AM,2022-04-25,2022-04-25 08:33:00 UTC,Zurich,5367650,edouardbruelhart,2022-04-26 07:04:22 UTC,2022-04-26 07:04:22 UTC,casual,CC-BY-NC,https://www.inaturalist.org/observations/112938890,https://inaturalist-open-data.s3.amazonaws.com/photos/190596314/medium.jpg,,"",,0,0,true,,"Fribourg, Suisse",46.79265919,7.155928401,,,,,,,,false,,,Stevia rebaudiana,Stevia rebaudiana,,Plantae,320730
112938891,2022/04/25 10:40 AM,2022-04-25,2022-04-25 08:40:00 UTC,Zurich,5367650,edouardbruelhart,2022-04-26 07:04:22 UTC,2022-04-26 07:04:22 UTC,casual,CC-BY-NC,https://www.inaturalist.org/observations/112938891,https://inaturalist-open-data.s3.amazonaws.com/photos/190596355/medium.jpg,,"","Uncertain, not annotated in the Fribourg botanical garden",0,0,true,,"Fribourg, Suisse",46.79266294,7.155939495,,,,,,,,false,,,Orpin Bâtard,Phedimus spurius,orpin bâtard,Plantae,204380
112938892,2022/04/25 10:42 AM,2022-04-25,2022-04-25 08:42:00 UTC,Zurich,5367650,edouardbruelhart,2022-04-26 07:04:22 UTC,2022-04-26 07:04:22 UTC,casual,CC-BY-NC,https://www.inaturalist.org/observations/112938892,https://inaturalist-open-data.s3.amazonaws.com/photos/190596387/medium.jpg,,"",,0,0,true,,"Fribourg, Suisse",46.79266294,7.155939495,,,,,,,open,false,,,Caféier d'Arabie,Coffea arabica,Caféier d'Arabie,Plantae,64342
112938893,2022/04/25 10:45 AM,2022-04-25,2022-04-25 08:45:00 UTC,Zurich,5367650,edouardbruelhart,2022-04-26 07:04:23 UTC,2022-04-26 07:04:23 UTC,casual,CC-BY-NC,https://www.inaturalist.org/observations/112938893,https://inaturalist-open-data.s3.amazonaws.com/photos/190596420/medium.jpg,,"",,0,0,true,,"Fribourg, Suisse",46.79266503,7.155937122,,,,,,,,false,,,Lippia dulcis,Lippia dulcis,,Plantae,286565
112938895,2022/04/25 10:51 AM,2022-04-25,2022-04-25 08:51:00 UTC,Zurich,5367650,edouardbruelhart,2022-04-26 07:04:23 UTC,2022-04-26 07:04:24 UTC,casual,CC-BY-NC,https://www.inaturalist.org/observations/112938895,https://inaturalist-open-data.s3.amazonaws.com/photos/190596476/medium.jpg,,"",,0,0,true,,"Fribourg, Suisse",46.79266783,7.155948082,,,,,,,open,false,,,Qat,Catha edulis,qat,Plantae,190367
112938896,2022/04/25 10:54 AM,2022-04-25,2022-04-25 08:54:00 UTC,Zurich,5367650,edouardbruelhart,2022-04-26 07:04:24 UTC,2022-04-26 08:14:18 UTC,casual,CC-BY-NC,https://www.inaturalist.org/observations/112938896,https://inaturalist-open-data.s3.amazonaws.com/photos/190596510/medium.jpg,,"",,1,0,true,,"Fribourg, Suisse",46.79267272,7.155962714,,,,,,,open,false,,,Cavendish banana,Musa acuminata,Banane,Plantae,140907
112938897,2022/04/25 10:57 AM,2022-04-25,2022-04-25 08:57:00 UTC,Zurich,5367650,edouardbruelhart,2022-04-26 07:04:24 UTC,2022-04-26 07:04:25 UTC,casual,CC-BY-NC,https://www.inaturalist.org/observations/112938897,https://inaturalist-open-data.s3.amazonaws.com/photos/190596556/medium.jpg,,"",,0,0,true,,"Fribourg, Suisse",46.79267759,7.155971133,,,,,,,,false,,,Brosimum alicastrum,Brosimum alicastrum,,Plantae,154828
112938898,2022/04/25 11:01 AM,2022-04-25,2022-04-25 09:01:00 UTC,Zurich,5367650,edouardbruelhart,2022-04-26 07:04:25 UTC,2022-04-26 07:04:25 UTC,casual,CC-BY-NC,https://www.inaturalist.org/observations/112938898,https://inaturalist-open-data.s3.amazonaws.com/photos/190596597/medium.jpg,,"",,0,0,true,,"Fribourg, Suisse",46.79267314,7.15597325,,,,,,,,false,,,Goyavier de Chine,Psidium cattleyanum,Goyavier de Chine,Plantae,278242
112938899,2022/04/25 11:05 AM,2022-04-25,2022-04-25 09:05:00 UTC,Zurich,5367650,edouardbruelhart,2022-04-26 07:04:25 UTC,2022-04-26 07:04:25 UTC,casual,CC-BY-NC,https://www.inaturalist.org/observations/112938899,https://inaturalist-open-data.s3.amazonaws.com/photos/190596661/medium.jpg,,"",,0,0,true,,"Fribourg, Suisse",46.79267473,7.155977845,,,,,,,open,false,,,Blighia sapida,Blighia sapida,,Plantae,155137
112938900,2022/04/25 11:08 AM,2022-04-25,2022-04-25 09:08:00 UTC,Zurich,5367650,edouardbruelhart,2022-04-26 07:04:26 UTC,2022-04-26 07:04:26 UTC,casual,CC-BY-NC,https://www.inaturalist.org/observations/112938900,https://inaturalist-open-data.s3.amazonaws.com/photos/190596693/medium.jpg,,"",,0,0,true,,"Fribourg, Suisse",46.79267157,7.155979954,,,,,,,,false,,,Liane Vermifuge,Combretum indicum,Liane vermifuge,Plantae,284831
112938901,2022/04/25 11:11 AM,2022-04-25,2022-04-25 09:11:00 UTC,Zurich,5367650,edouardbruelhart,2022-04-26 07:04:26 UTC,2022-04-26 07:04:26 UTC,casual,CC-BY-NC,https://www.inaturalist.org/observations/112938901,https://inaturalist-open-data.s3.amazonaws.com/photos/190596759/medium.jpg,,"",,0,0,true,,"Fribourg, Suisse",46.79267948,7.155982424,,,,,,,open,false,,,Manguier,Mangifera indica,Manguier,Plantae,48872
112938902,2022/04/25 11:15 AM,2022-04-25,2022-04-25 09:15:00 UTC,Zurich,5367650,edouardbruelhart,2022-04-26 07:04:27 UTC,2022-04-26 07:04:27 UTC,casual,CC-BY-NC,https://www.inaturalist.org/observations/112938902,https://inaturalist-open-data.s3.amazonaws.com/photos/190596806/medium.jpg,,"",,0,0,true,,"Fribourg, Suisse",46.79268425,7.155976958,,,,,,,open,false,,,Cerisier de Cayenne,Eugenia uniflora,Cerisier de Cayenne,Plantae,83642
112938903,2022/04/25 11:19 AM,2022-04-25,2022-04-25 09:19:00 UTC,Zurich,5367650,edouardbruelhart,2022-04-26 07:04:27 UTC,2022-04-26 07:04:27 UTC,casual,CC-BY-NC,https://www.inaturalist.org/observations/112938903,https://inaturalist-open-data.s3.amazonaws.com/photos/190596858/medium.jpg,,"",,0,0,true,,"Fribourg, Suisse",46.79268127,7.155979368,,,,,,,open,false,,,Tamarillo,Solanum betaceum,Tamarillo,Plantae,280909
112938904,2022/04/25 11:28 AM,2022-04-25,2022-04-25 09:28:00 UTC,Zurich,5367650,edouardbruelhart,2022-04-26 07:04:27 UTC,2022-04-26 07:04:27 UTC,casual,CC-BY-NC,https://www.inaturalist.org/observations/112938904,https://inaturalist-open-data.s3.amazonaws.com/photos/190596896/medium.jpg,,"",,0,0,true,,"Fribourg, Suisse",46.79268771,7.155984557,,,,,,,,false,,,Ananas,Ananas comosus,Ananas,Plantae,122965
112938905,2022/04/25 11:31 AM,2022-04-25,2022-04-25 09:31:00 UTC,Zurich,5367650,edouardbruelhart,2022-04-26 07:04:28 UTC,2022-04-26 07:04:28 UTC,casual,CC-BY-NC,https://www.inaturalist.org/observations/112938905,https://inaturalist-open-data.s3.amazonaws.com/photos/190596947/medium.jpg,,"",,0,0,true,,"Fribourg, Suisse",46.79268428,7.155988057,,,,,,,open,false,,,Jamrosat,Syzygium jambos,Jamrosat,Plantae,84838
112938907,2022/04/25 11:36 AM,2022-04-25,2022-04-25 09:36:00 UTC,Zurich,5367650,edouardbruelhart,2022-04-26 07:04:29 UTC,2022-04-26 07:04:29 UTC,casual,CC-BY-NC,https://www.inaturalist.org/observations/112938907,https://inaturalist-open-data.s3.amazonaws.com/photos/190597041/medium.jpg,,"",,0,0,true,,"Fribourg, Suisse",46.79268341,7.155997638,,,,,,,,false,,,Carambolier,Averrhoa carambola,Carambolier,Plantae,146977
112938908,2022/04/25 11:39 AM,2022-04-25,2022-04-25 09:39:00 UTC,Zurich,5367650,edouardbruelhart,2022-04-26 07:04:29 UTC,2022-04-26 07:04:29 UTC,casual,CC-BY-NC,https://www.inaturalist.org/observations/112938908,https://inaturalist-open-data.s3.amazonaws.com/photos/190597115/medium.jpg,,"",,0,0,true,,"Fribourg, Suisse",46.79268162,7.155999606,,,,,,,,false,,,Barbadine,Passiflora quadrangularis,Barbadine,Plantae,62936
112938909,2022/04/25 11:42 AM,2022-04-25,2022-04-25 09:42:00 UTC,Zurich,5367650,edouardbruelhart,2022-04-26 07:04:29 UTC,2022-04-26 07:04:29 UTC,casual,CC-BY-NC,https://www.inaturalist.org/observations/112938909,https://inaturalist-open-data.s3.amazonaws.com/photos/190597163/medium.jpg,,"",,0,0,true,,"Fribourg, Suisse",46.79268491,7.156000242,,,,,,,,false,,,Bambou Commun,Bambusa vulgaris,Bambou commun,Plantae,122530
112938916,2022/04/25 11:47 AM,2022-04-25,2022-04-25 09:47:00 UTC,Zurich,5367650,edouardbruelhart,2022-04-26 07:04:30 UTC,2022-04-26 07:04:30 UTC,casual,CC-BY-NC,https://www.inaturalist.org/observations/112938916,https://inaturalist-open-data.s3.amazonaws.com/photos/190597203/medium.jpg,,"",,0,0,true,,"Fribourg, Suisse",46.79268729,7.15599827,,,,,,,,false,,,Solanum quitoense,Solanum quitoense,,Plantae,126850
112938917,2022/04/25 11:50 AM,2022-04-25,2022-04-25 09:50:00 UTC,Zurich,5367650,edouardbruelhart,2022-04-26 07:04:30 UTC,2022-04-26 07:04:30 UTC,casual,CC-BY-NC,https://www.inaturalist.org/observations/112938917,https://inaturalist-open-data.s3.amazonaws.com/photos/190597252/medium.jpg,,"",,0,0,true,,"Fribourg, Suisse",46.79269148,7.155998684,,,,,,,open,false,,,Pitaya Blanc,Selenicereus undatus,Pitaya blanc,Plantae,1038928
112938918,2022/04/25 11:56 AM,2022-04-25,2022-04-25 09:56:00 UTC,Zurich,5367650,edouardbruelhart,2022-04-26 07:04:30 UTC,2022-04-26 07:04:30 UTC,casual,CC-BY-NC,https://www.inaturalist.org/observations/112938918,https://inaturalist-open-data.s3.amazonaws.com/photos/190597339/medium.jpg,,"",,0,0,true,,"Fribourg, Suisse",46.79268937,7.155993036,,,,,,,open,false,,,Capsicum frutescens,Capsicum frutescens,,Plantae,122796
112938920,2022/04/25 11:58 AM,2022-04-25,2022-04-25 09:58:00 UTC,Zurich,5367650,edouardbruelhart,2022-04-26 07:04:31 UTC,2022-04-26 07:04:31 UTC,casual,CC-BY-NC,https://www.inaturalist.org/observations/112938920,https://inaturalist-open-data.s3.amazonaws.com/photos/190597383/medium.jpg,,"",,0,0,true,,"Fribourg, Suisse",46.79269384,7.155987572,,,,,,,open,false,,,Annona cherimola,Annona cherimola,,Plantae,126236
112939194,2022/04/25 9:37 AM,2022-04-25,2022-04-25 07:37:00 UTC,Zurich,5367650,edouardbruelhart,2022-04-26 07:11:21 UTC,2022-04-26 07:11:21 UTC,casual,CC-BY-NC,https://www.inaturalist.org/observations/112939194,https://inaturalist-open-data.s3.amazonaws.com/photos/190809270/medium.jpg,,"",,0,0,true,,"Fribourg, Suisse",46.79265568,7.155902312,,,,,,,,false,,,Alpinia galanga,Alpinia galanga,,Plantae,123732
112939195,2022/04/25 9:40 AM,2022-04-25,2022-04-25 07:40:00 UTC,Zurich,5367650,edouardbruelhart,2022-04-26 07:11:21 UTC,2022-04-26 07:11:21 UTC,casual,CC-BY-NC,https://www.inaturalist.org/observations/112939195,https://inaturalist-open-data.s3.amazonaws.com/photos/190809303/medium.jpg,,"",,0,0,true,,"Fribourg, Suisse",46.79265195,7.155900164,,,,,,,,false,,,Elettaria cardamomum,Elettaria cardamomum,,Plantae,119387
112942402,2022/04/13 3:57 PM,2022-04-13,2022-04-13 13:57:00 UTC,Zurich,5509038,carolavelti,2022-04-26 08:06:32 UTC,2022-04-26 08:06:33 UTC,casual,CC-BY-NC,https://www.inaturalist.org/observations/112942402,https://inaturalist-open-data.s3.amazonaws.com/photos/190815256/medium.jpeg,,"",,0,0,true,,"Friburgo, Svizzera",46.7930416667,7.1564638889,4,,,,4,,,false,,,Melissa Vera,Melissa officinalis,Mélisse officinale,Plantae,59901
112942446,2022/04/13 4:03 PM,2022-04-13,2022-04-13 14:03:00 UTC,Zurich,5509038,carolavelti,2022-04-26 08:07:38 UTC,2022-04-26 08:07:38 UTC,casual,CC-BY-NC,https://www.inaturalist.org/observations/112942446,https://inaturalist-open-data.s3.amazonaws.com/photos/190815432/medium.jpeg,,"",,0,0,true,,"Friburgo, Svizzera",46.79285,7.1563694444,16,,,,16,,,false,,,Menta Piperita,Mentha × piperita,Menthe poivrée,Plantae,181525
112942497,2022/04/13 4:11 PM,2022-04-13,2022-04-13 14:11:00 UTC,Zurich,5509038,carolavelti,2022-04-26 08:08:42 UTC,2022-04-26 08:08:42 UTC,casual,CC-BY-NC,https://www.inaturalist.org/observations/112942497,https://inaturalist-open-data.s3.amazonaws.com/photos/190815532/medium.jpeg,,"",,0,0,true,,"Friburgo, Svizzera",46.7924722222,7.1566638889,11,,,,11,,open,false,,,Aglio Insubrico,Allium insubricum,,Plantae,435427
112942553,2022/04/13 4:13 PM,2022-04-13,2022-04-13 14:13:00 UTC,Zurich,5509038,carolavelti,2022-04-26 08:10:10 UTC,2022-04-26 08:10:10 UTC,casual,CC-BY-NC,https://www.inaturalist.org/observations/112942553,https://inaturalist-open-data.s3.amazonaws.com/photos/190815663/medium.jpeg,,"",,0,0,true,,"Friburgo, Svizzera",46.7923972222,7.1566777778,4,,,,4,,,false,,,Aglio Fistoloso,Allium fistulosum,,Plantae,126225
115069563,2022-05-03 09:53:10,2022-05-03,2022-05-03 07:53:10 UTC,Zurich,5367650,edouardbruelhart,2022-05-03 07:54:00 UTC,2022-05-03 07:54:06 UTC,casual,CC-BY-NC,https://www.inaturalist.org/observations/115069563,https://inaturalist-open-data.s3.amazonaws.com/photos/194246341/medium.jpeg,,"",,0,0,true,2,"Fribourg, Suisse",46.7931231635,7.1555885603,39,,,,39,,,false,,,Saxifrage,Saxifraga,Saxifrage,Plantae,55434
115515175,2022-05-05 07:35:33,2022-05-05,2022-05-05 05:35:33 UTC,Zurich,1378031,pmallard,2022-05-05 05:48:25 UTC,2022-05-18 09:11:33 UTC,casual,CC0,https://www.inaturalist.org/observations/115515175,https://inaturalist-open-data.s3.amazonaws.com/photos/194956855/medium.jpeg,,"",,0,0,true,2,"Fribourg, Suisse",46.792874781,7.1561896428,10,,,,10,,,false,gps,gps,Narcisse papyracé,Narcissus papyraceus,Narcisse papyracé,Plantae,123159
117566111,2021/07/20 9:41 AM,2021-07-20,2021-07-20 07:41:00 UTC,Zurich,5448878,manu_defossez,2022-05-18 09:01:12 UTC,2022-05-18 09:13:34 UTC,casual,CC0,https://www.inaturalist.org/observations/117566111,https://inaturalist-open-data.s3.amazonaws.com/photos/198568661/medium.jpg,,"","",1,0,true,,"Neuchâtel, Suisse",46.9999459117,6.9361886339,8,,,,8,,,false,,,Lavandula dentata,Lavandula dentata,,Plantae,71134
