#Scan#	SpectrumFile	Annotation	OrigAnnotation	Protein	dbIndex	numMods	matchOrientation	startMass	Charge	MQScore	p-value	isDecoy	StrictEnvelopeScore	UnstrictEvelopeScore	CompoundName	Organism	FileScanUniqueID	FDR	LibraryName	mzErrorPPM	LibMetaData	Smiles	Inchi	LibSearchSharedPeaks	Abundance	ParentMassDiff	SpecMZ	ExactMass	LibrarySpectrumID
1644	spectra_filtered.mgf	*..*		:868	50108	-1	0	220.118	1	0.999405	0	0	238.1	2017000.0	PANTOTHENIC ACID M+H	MONA	temp/spectra_filtered.mgf1644	-1	MONA.mgf	0.415926				11	0	9.15527e-05	220.118	0	CCMSLIB00006679138
2699	spectra_filtered.mgf	*..*		:639	49879	-1	0	175.119	1	0.997927	0	0	313.8	38100000.0	ARGININE M+H	MONA	temp/spectra_filtered.mgf2699	-1	MONA.mgf	0.609937				8	0	0.000106812	175.119	0	CCMSLIB00006678909
1573	spectra_filtered.mgf	*..*		:4371	2613	-1	0	256.263	1	0.996816	0	0	2967350.0	618700.0	Spectral Match to Palmitamide from NIST14 M+H	GNPS-NIST14-MATCHES	temp/spectra_filtered.mgf1573	-1	GNPS-NIST14-MATCHES.mgf	1.19087				12	0	0.000305176	256.263	0	CCMSLIB00003137100
3155	spectra_filtered.mgf	*..*		:210	3769	-1	0	197.117	1	0.996433	0	0	7319520.0	845000.0	Loliolide M+H	GNPS-LIBRARY	temp/spectra_filtered.mgf3155	-1	GNPS-LIBRARY.mgf	1.00633				7	0	0.000198364	197.117	0	CCMSLIB00004680136
2521	spectra_filtered.mgf	*..*		:326	14172	-1	0	193.071	1	0.996144	0	0	106064000.0	2114000.0	Quinic Acid M+H	GNPS-LIBRARY	temp/spectra_filtered.mgf2521	-1	GNPS-LIBRARY.mgf	1.02742				9	0	0.000198364	193.071	0	CCMSLIB00012176436
2968	spectra_filtered.mgf	*..*		:916	50156	-1	0	166.086	1	0.996088	0	0	108.7	1982000.0	PHENYLALANINE M+H	MONA	temp/spectra_filtered.mgf2968	-1	MONA.mgf	1.83746				6	0	0.000305176	166.086	0	CCMSLIB00006679186
3046	spectra_filtered.mgf	*..*		:471	4681	-1	0	188.07	1	0.995686	0	0	10238500.0	1468900.0	Spectral Match to Abrine from NIST14 M+H-CH3NH2	GNPS-NIST14-MATCHES	temp/spectra_filtered.mgf3046	-1	GNPS-NIST14-MATCHES.mgf	2.59627				8	0	0.000488281	188.07	0	CCMSLIB00003139168
1713	spectra_filtered.mgf	*..*		:4918	4038	-1	0	284.296	1	0.994423	0	0	8572730.0	530200.0	Spectral Match to Octadecanamide from NIST14 M+H	GNPS-NIST14-MATCHES	temp/spectra_filtered.mgf1713	-1	GNPS-NIST14-MATCHES.mgf	4.50846				12	0	0.00128174	284.295	0	CCMSLIB00003138525
1228	spectra_filtered.mgf	*..*		:1246	50486	-1	0	148.06	1	0.993103	0	0	157.6	3429000.0	GLUTAMIC ACID M+H	MONA	temp/spectra_filtered.mgf1228	-1	MONA.mgf	2.06116				7	0	0.000305176	148.06	0	CCMSLIB00006679516
2488	spectra_filtered.mgf	*..*		:471	4681	-1	0	188.07	1	0.992758	0	0	10238500.0	2166500.0	Spectral Match to Abrine from NIST14 M+H-CH3NH2	GNPS-NIST14-MATCHES	temp/spectra_filtered.mgf2488	-1	GNPS-NIST14-MATCHES.mgf	3.16421				8	0	0.000595093	188.071	0	CCMSLIB00003139168
3132	spectra_filtered.mgf	*..*		:3229	14174	-1	0	181.05	1	0.992511	0	0	393514000.0	4538400.0	Caffeic Acid M+H	GNPS-LIBRARY	temp/spectra_filtered.mgf3132	-1	GNPS-LIBRARY.mgf	3.37118				10	0	0.000610352	181.049	0	CCMSLIB00012176438
3322	spectra_filtered.mgf	*..*		:142	49382	-1	0	146.165	1	0.992434	0	0	156.5	3282000.0	SPERMIDINE M+H	MONA	temp/spectra_filtered.mgf3322	-1	MONA.mgf	0.73076				7	0	0.000106812	146.165	0	CCMSLIB00006678412
2067	spectra_filtered.mgf	*..*		:1	5685	-1	0	205.097	1	0.992399	0	0	1198300000.0	816100.0	L-Tryptophan M+H	GNPS-LIBRARY	temp/spectra_filtered.mgf2067	-1	GNPS-LIBRARY.mgf	0.0				8	0	0.0	205.097	0	CCMSLIB00005716772
1968	spectra_filtered.mgf	*..*		:20022	20468	-1	0	291.086	1	0.992313	0	0	3947750.0	3328500.0	Cianidanol CollisionEnergy:205060 M+H	BERKELEY-LAB	temp/spectra_filtered.mgf1968	-1	BERKELEY-LAB.mgf	0.314521				13	0	9.15527e-05	291.086	0	CCMSLIB00010122457
2133	spectra_filtered.mgf	*..*		:1635	1635	-1	0	200.128	1	0.992162	0	0	139.311	24748000.0	MoNA:904586 Methyl 3-hydroxy-8-methyl-8-azabicyclo[3.2.1]octane-4-carboxylate M+H	MONA	temp/spectra_filtered.mgf2133	-1	MONA.mgf	0.991187				8	0	0.000198364	200.128	0	CCMSLIB00000564383
2127	spectra_filtered.mgf	*..*		:154	3126	-1	0	182.081	1	0.991943	0	0	51351600.0	568700.0	Spectral Match to L-Tyrosine from NIST14 M+H	GNPS-NIST14-MATCHES	temp/spectra_filtered.mgf2127	-1	GNPS-NIST14-MATCHES.mgf	0.0				7	0	0.0	182.081	0	CCMSLIB00003137613
1528	spectra_filtered.mgf	*..*		:10702	11148	-1	0	415.212	1	0.991925	0	0	4896590.0	3583000.0	1-({[2-(2-furylmethyl)-5-methylpyrrolidinyl]amino}methylene)-7-[8-({[2-(2-fury lmethyl)pyrrolidinyl]amino}methylene)-1,6-dihydroxy-3-methyl-5-(methylethyl)-7 -oxo(2-naphthyl)]-3,8-dihydroxy-6-methyl-4-(methylethyl)naphthalen-2-one CollisionEnergy:102040 M+2H]	BERKELEY-LAB	temp/spectra_filtered.mgf1528	-1	BERKELEY-LAB.mgf	0.734988				7	0	0.000305176	415.212	0	CCMSLIB00010113136
1757	spectra_filtered.mgf	*..*		:4818	4818	-1	0	220.118	1	0.991611	0	0	8311020.0	149900.0	D-PANTOTHENIC ACID - 40.0 eV M+H	BIRMINGHAM-UHPLC-MS-POS	temp/spectra_filtered.mgf1757	-1	BIRMINGHAM-UHPLC-MS-POS.mgf	0.0				10	0	0.0	220.118	0	CCMSLIB00006120815
2869	spectra_filtered.mgf	*..*		:1708	179	-1	0	195.065	1	0.991527	0	0	17421400.0	2588500.0	Ferulic acid M+H	TUEBINGEN-NATURAL-PRODUCT-COLLECTION	temp/spectra_filtered.mgf2869	-1	TUEBINGEN-NATURAL-PRODUCT-COLLECTION.mgf	1.56448				6	0	0.000305176	195.065	0	CCMSLIB00011906145
1621	spectra_filtered.mgf	*..*		:5766	6212	-1	0	306.17	1	0.991029	0	0	5286680.0	49140000.0	anisodamine CollisionEnergy:102040 M+H	BERKELEY-LAB	temp/spectra_filtered.mgf1621	-1	BERKELEY-LAB.mgf	0.0				10	0	0.0	306.17	0	CCMSLIB00010108200
2444	spectra_filtered.mgf	*..*		:5384	5384	-1	0	290.139	1	0.990027	0	0	1376720.0	3559800.0	Massbank:EA282310 Benzoylecgonine| 3-benzoyloxy-8-methyl-8-azabicyclo[3.2.1]octane-4-carboxylic acid [M+H]+	MASSBANK	temp/spectra_filtered.mgf2444	-1	MASSBANK.mgf	1.99847				9	0	0.000579834	290.14	0	CCMSLIB00000211576
2316	spectra_filtered.mgf	*..*		:5384	5384	-1	0	290.139	1	0.990027	0	0	1376720.0	3559800.0	Massbank:EA282310 Benzoylecgonine| 3-benzoyloxy-8-methyl-8-azabicyclo[3.2.1]octane-4-carboxylic acid [M+H]+	MASSBANK	temp/spectra_filtered.mgf2316	-1	MASSBANK.mgf	2.4192				9	0	0.000701904	290.14	0	CCMSLIB00000211576
2394	spectra_filtered.mgf	*..*		:1701	50941	-1	0	291.086	1	0.989635	0	0	206.3	401000.0	EPICATECHIN M+H	MONA	temp/spectra_filtered.mgf2394	-1	MONA.mgf	4.08878				9	0	0.00119019	291.087	0	CCMSLIB00006679971
1594	spectra_filtered.mgf	*..*		:118	3331	-1	0	148.04	1	0.989327	0	0	16374900.0	424500.0	Glutamic acid M+H	GNPS-LIBRARY	temp/spectra_filtered.mgf1594	-1	GNPS-LIBRARY.mgf	138.529				6	0	0.0205078	148.061	0	CCMSLIB00003740029
3254	spectra_filtered.mgf	*..*		:3792	1512	-1	0	163.038	1	0.988594	0	0	7916430.0	3877000.0	Spectral Match to Rosmarinic acid from NIST14 M+H-C9H10O5	GNPS-NIST14-MATCHES	temp/spectra_filtered.mgf3254	-1	GNPS-NIST14-MATCHES.mgf	5.52183				6	0	0.000900269	163.039	0	CCMSLIB00003135999
1665	spectra_filtered.mgf	*..*		:2839	3285	-1	0	304.154	1	0.987356	0	0	16697200.0	48620000.0	scopolamine CollisionEnergy:102040 M+H	BERKELEY-LAB	temp/spectra_filtered.mgf1665	-1	BERKELEY-LAB.mgf	2.60873				9	0	0.000793457	304.155	0	CCMSLIB00010105273
2745	spectra_filtered.mgf	*..*		:3556	54679	-1	0	165.055	1	0.987275	0	0	146.5	2799700.0	3-HYDROXYCINNAMIC ACID M+H	MONA	temp/spectra_filtered.mgf2745	-1	MONA.mgf	3.60542				6	0	0.000595093	165.054	0	CCMSLIB00006683709
3341	spectra_filtered.mgf	*..*		:9146	9592	-1	0	177.055	1	0.985936	0	0	45811500.0	707100.0	ferulic acid CollisionEnergy:102040 M+H-H2O	BERKELEY-LAB	temp/spectra_filtered.mgf3341	-1	BERKELEY-LAB.mgf	2.75779				7	0	0.000488281	177.055	0	CCMSLIB00010111580
1541	spectra_filtered.mgf	*..*		:760	3988	-1	0	355.102	1	0.985175	0	0	168477000.0	27322000.0	Chlorogenic acid M+H	GNPS-LIBRARY	temp/spectra_filtered.mgf1541	-1	GNPS-LIBRARY.mgf	0.859403				6	0	0.000305176	355.102	0	CCMSLIB00004684185
2549	spectra_filtered.mgf	*..*		:760	3988	-1	0	355.102	1	0.984816	0	0	168477000.0	2715100.0	Chlorogenic acid M+H	GNPS-LIBRARY	temp/spectra_filtered.mgf2549	-1	GNPS-LIBRARY.mgf	0.601582				6	0	0.000213623	355.102	0	CCMSLIB00004684185
1882	spectra_filtered.mgf	*..*		:3229	14174	-1	0	181.05	1	0.984775	0	0	393514000.0	2031700.0	Caffeic Acid M+H	GNPS-LIBRARY	temp/spectra_filtered.mgf1882	-1	GNPS-LIBRARY.mgf	2.78122				8	0	0.00050354	181.049	0	CCMSLIB00012176438
3242	spectra_filtered.mgf	*..*		:2996	860	-1	0	496.329	1	0.984743	0	0	5179180.0	1111500.0	Spectral Match to Lyso-PC(16:0) from NIST14 M+H	GNPS-NIST14-MATCHES	temp/spectra_filtered.mgf3242	-1	GNPS-NIST14-MATCHES.mgf	21.5203				10	0	0.0106812	496.34	0	CCMSLIB00003135346
3393	spectra_filtered.mgf	*..*		:3184	14175	-1	0	163.04	1	0.984522	0	0	122477000.0	11405000.0	Caffeic Acid M+H-H2O	GNPS-LIBRARY	temp/spectra_filtered.mgf3393	-1	GNPS-LIBRARY.mgf	6.73843				8	0	0.00109863	163.039	0	CCMSLIB00012176439
1527	spectra_filtered.mgf	*..*		:3888	2008	-1	0	237.221	1	0.983362	0	0	12114000.0	212700.0	Spectral Match to Palmitelaidic acid from NIST14 M+H-H2O	GNPS-NIST14-MATCHES	temp/spectra_filtered.mgf1527	-1	GNPS-NIST14-MATCHES.mgf	2.12266				11	0	0.00050354	237.221	0	CCMSLIB00003136495
2397	spectra_filtered.mgf	*..*		:108	108	-1	0	291.086	1	0.983288	0	0	133567000.0	2306600.0	D-(+)-Catechin - 40.0 eV M+H	BIRMINGHAM-UHPLC-MS-POS	temp/spectra_filtered.mgf2397	-1	BIRMINGHAM-UHPLC-MS-POS.mgf	0.314521				11	0	9.15527e-05	291.086	0	CCMSLIB00006112909
1403	spectra_filtered.mgf	*..*		:3184	14175	-1	0	163.04	1	0.983264	0	0	122477000.0	5567000.0	Caffeic Acid M+H-H2O	GNPS-LIBRARY	temp/spectra_filtered.mgf1403	-1	GNPS-LIBRARY.mgf	6.73843				8	0	0.00109863	163.039	0	CCMSLIB00012176439
3354	spectra_filtered.mgf	*..*		:3556	54679	-1	0	165.055	1	0.983197	0	0	146.5	2514000.0	3-HYDROXYCINNAMIC ACID M+H	MONA	temp/spectra_filtered.mgf3354	-1	MONA.mgf	2.95829				6	0	0.000488281	165.055	0	CCMSLIB00006683709
1090	spectra_filtered.mgf	*..*		:704	906	-1	0	298.09	1	0.982044	0	0	4180990.0	706500.0	Spectral Match to Adenosine, 5'-S-methyl-5'-thio- from NIST14 M+H	GNPS-NIST14-MATCHES	temp/spectra_filtered.mgf1090	-1	GNPS-NIST14-MATCHES.mgf	22.8301				7	0	0.00680542	298.097	0	CCMSLIB00003135392
2591	spectra_filtered.mgf	*..*		:1755	50995	-1	0	360.15	1	0.981871	0	0	361.4	2538000.0	SUCROSE M+NH4	MONA	temp/spectra_filtered.mgf2591	-1	MONA.mgf	0.0				11	0	0.0	360.15	0	CCMSLIB00006680025
2137	spectra_filtered.mgf	*..*		:1755	50995	-1	0	360.15	1	0.981871	0	0	361.4	2538000.0	SUCROSE M+NH4	MONA	temp/spectra_filtered.mgf2137	-1	MONA.mgf	0.0				11	0	0.0	360.15	0	CCMSLIB00006680025
67	spectra_filtered.mgf	*..*		:1008	52131	-1	0	165.055	1	0.981617	0	0	139.6	1263200.0	P-COUMARIC ACID M+H	MONA	temp/spectra_filtered.mgf67	-1	MONA.mgf	2.95829				7	0	0.000488281	165.055	0	CCMSLIB00006681161
2992	spectra_filtered.mgf	*..*		:3184	14175	-1	0	163.04	1	0.981455	0	0	122477000.0	4344400.0	Caffeic Acid M+H-H2O	GNPS-LIBRARY	temp/spectra_filtered.mgf2992	-1	GNPS-LIBRARY.mgf	6.73843				7	0	0.00109863	163.039	0	CCMSLIB00012176439
3026	spectra_filtered.mgf	*..*		:27	666	-1	0	177.054	1	0.981183	0	0	3556070.0	1546700.0	FERULATE M-H2O+H	GNPS-MSMLS	temp/spectra_filtered.mgf3026	-1	GNPS-MSMLS.mgf	3.96435				6	0	0.000701904	177.055	0	CCMSLIB00005464417
2607	spectra_filtered.mgf	*..*		:9952	8620	-1	0	318.3	1	0.980984	0	0	170.296	556900.0	phytosphingosine [M+H]+	CMMC-REFRAME-POSITIVE-LIBRARY	temp/spectra_filtered.mgf2607	-1	CMMC-REFRAME-POSITIVE-LIBRARY.mgf	2.20517				11	0	0.000701904	318.301	0	CCMSLIB00012260331
3528	spectra_filtered.mgf	*..*		:38	692	-1	0	308.091	1	0.979859	0	0	2982180.0	6038000.0	GLUTATHIONE REDUCED M+H	GNPS-MSMLS	temp/spectra_filtered.mgf3528	-1	GNPS-MSMLS.mgf	1.2877				15	0	0.000396729	308.091	0	CCMSLIB00005464443
2181	spectra_filtered.mgf	*..*		:3184	14175	-1	0	163.04	1	0.979731	0	0	122477000.0	2591000.0	Caffeic Acid M+H-H2O	GNPS-LIBRARY	temp/spectra_filtered.mgf2181	-1	GNPS-LIBRARY.mgf	6.73843				7	0	0.00109863	163.039	0	CCMSLIB00012176439
1351	spectra_filtered.mgf	*..*		:1708	179	-1	0	195.065	1	0.97966	0	0	17421400.0	556000.0	Ferulic acid M+H	TUEBINGEN-NATURAL-PRODUCT-COLLECTION	temp/spectra_filtered.mgf1351	-1	TUEBINGEN-NATURAL-PRODUCT-COLLECTION.mgf	0.469345				6	0	9.15527e-05	195.065	0	CCMSLIB00011906145
202	spectra_filtered.mgf	*..*		:4199	3664	-1	0	342.265	1	0.97957	0	0	143.065	449700.0	22083-74-5 [2M+NH4]+	CMMC-REFRAME-POSITIVE-LIBRARY	temp/spectra_filtered.mgf202	-1	CMMC-REFRAME-POSITIVE-LIBRARY.mgf	4.99316				6	0	0.00170898	342.263	0	CCMSLIB00012250621
2251	spectra_filtered.mgf	*..*		:4199	3664	-1	0	342.265	1	0.97957	0	0	143.065	449700.0	22083-74-5 [2M+NH4]+	CMMC-REFRAME-POSITIVE-LIBRARY	temp/spectra_filtered.mgf2251	-1	CMMC-REFRAME-POSITIVE-LIBRARY.mgf	4.99316				6	0	0.00170898	342.263	0	CCMSLIB00012250621
1600	spectra_filtered.mgf	*..*		:3792	1512	-1	0	163.038	1	0.979173	0	0	7916430.0	319400.0	Spectral Match to Rosmarinic acid from NIST14 M+H-C9H10O5	GNPS-NIST14-MATCHES	temp/spectra_filtered.mgf1600	-1	GNPS-NIST14-MATCHES.mgf	4.30516				6	0	0.000701904	163.039	0	CCMSLIB00003135999
3067	spectra_filtered.mgf	*..*		:375	7269	-1	0	449.108	1	0.977569	0	0	10076500.0	2692100.0	2-(3,4-dihydroxyphenyl)-5,7-dihydroxy-3-{[(2S,3R,4R,5R,6S)-3,4,5-trihydroxy-6-methyloxan-2-yl]oxy}-4H-chromen-4-one M+H	GNPS-LIBRARY	temp/spectra_filtered.mgf3067	-1	GNPS-LIBRARY.mgf	0.88337				12	0	0.000396729	449.108	0	CCMSLIB00005724780
58	spectra_filtered.mgf	*..*		:1145	50385	-1	0	184.074	1	0.976045	0	0	99.2	215900.0	PHOSPHOCHOLINE M	MONA	temp/spectra_filtered.mgf58	-1	MONA.mgf	6.54869				6	0	0.00120544	184.073	0	CCMSLIB00006679415
87	spectra_filtered.mgf	*..*		:3048	54171	-1	0	258.11	1	0.975721	0	0	124.3	1174700.0	SN-GLYCERO-3-PHOSPHOCHOLINE M+H	MONA	temp/spectra_filtered.mgf87	-1	MONA.mgf	0.827643				6	0	0.000213623	258.11	0	CCMSLIB00006683201
1918	spectra_filtered.mgf	*..*		:1920	617	-1	0	732.468	1	0.975449	0	0	1084430000.0	1940000.0	Pesticide7_Spinosad (Spinosyn A)_C41H65NO10_1H-as-Indaceno[3,2-d]oxacyclododecin-7,15-dione, 2-[(6-deoxy-2,3,4-tri-O-methyl-alpha-L-mannopyranosyl)oxy]-13-[[(2R,5S,6R)-5-(dimethylamino)tetrahydro-6-methyl-2H-pyran-2-yl]oxy]-9-ethyl-2,3,3a,5a,5b,6,9,10,11,12,13,14,16a,16b-tetradecahydro-14-methyl-, (2R,3aS,5aR,5bS,9S,14R,16aS,16bR)- M+H	GNPS-COLLECTIONS-PESTICIDES-POSITIVE	temp/spectra_filtered.mgf1918	-1	GNPS-COLLECTIONS-PESTICIDES-POSITIVE.mgf	0.41664				8	0	0.000305176	732.468	0	CCMSLIB00001059017
777	spectra_filtered.mgf	*..*		:1	323	-1	0	277.128	1	0.973283	0	0	127402000.0	296500.0	0055_Triethylcitrate M+H	CASMI	temp/spectra_filtered.mgf777	-1	CASMI.mgf	0.330363				8	0	9.15527e-05	277.128	0	CCMSLIB00000579680
2243	spectra_filtered.mgf	*..*		:1	323	-1	0	277.128	1	0.973283	0	0	127402000.0	296500.0	0055_Triethylcitrate M+H	CASMI	temp/spectra_filtered.mgf2243	-1	CASMI.mgf	0.330363				8	0	9.15527e-05	277.128	0	CCMSLIB00000579680
3299	spectra_filtered.mgf	*..*		:1	12023	-1	0	611.161	1	0.97324	0	0	616672.0	5617100.0	Rutin M+H	GNPS-LIBRARY	temp/spectra_filtered.mgf3299	-1	GNPS-LIBRARY.mgf	1.79762				13	0	0.00109863	611.16	0	CCMSLIB00010012048
3058	spectra_filtered.mgf	*..*		:5300	5300	-1	0	304.154	1	0.972819	0	0	5714110.0	26510000.0	Massbank:EA281710 Cocaine| (1S,3S,4R,5R)-3-benzoyloxy-8-methyl-8-azabicyclo[3.2.1]octane-4-carboxylic acid methyl ester [M+H]+	MASSBANK	temp/spectra_filtered.mgf3058	-1	MASSBANK.mgf	0.0				8	0	0.0	304.154	0	CCMSLIB00000211410
1891	spectra_filtered.mgf	*..*		:3564	4058	-1	0	307.263	1	0.972149	0	0	1537290.0	454500.0	Spectral Match to 15-HEDE from NIST14 M+H-H2O	GNPS-NIST14-MATCHES	temp/spectra_filtered.mgf1891	-1	GNPS-NIST14-MATCHES.mgf	2.28438				10	0	0.000701904	307.264	0	CCMSLIB00003138545
2182	spectra_filtered.mgf	*..*		:519	303	-1	0	449.108	1	0.970564	0	0	181379000.0	1610900.0	KAEMPFEROL-4'-GLUCOSIDE M+H	LEAFBOT	temp/spectra_filtered.mgf2182	-1	LEAFBOT.mgf	1.56289				8	0	0.000701904	449.107	0	CCMSLIB00011428075
3228	spectra_filtered.mgf	*..*		:8087	20086	-1	0	200.128	1	0.970481	0	0	243031000.0	54940000.0	Massbank:EQ361903 Ecgonine-methyl-ester (EME)|Ecgonine methyl ester|Methyl 3-hydroxy-8-methyl-8-azabicyclo[3.2.1]octane-4-carboxylate M+H	MASSBANK	temp/spectra_filtered.mgf3228	-1	MASSBANK.mgf	0.457471				6	0	9.15527e-05	200.128	0	CCMSLIB00005733638
587	spectra_filtered.mgf	*..*		:2435	53558	-1	0	302.305	1	0.969707	0	0	241.4	428300.0	SPHINGANINE M+H	MONA	temp/spectra_filtered.mgf587	-1	MONA.mgf	2.01899				10	0	0.000610352	302.306	0	CCMSLIB00006682588
1586	spectra_filtered.mgf	*..*		:8407	20406	-1	0	290.175	1	0.968434	0	0	753651000.0	61100000.0	Massbank:EQ333403 Atropine|(1R,5S)-8-Methyl-8-azabicyclo[3.2.1]oct-3-yl tropate M+H	MASSBANK	temp/spectra_filtered.mgf1586	-1	MASSBANK.mgf	0.0				6	0	0.0	290.175	0	CCMSLIB00005733958
1704	spectra_filtered.mgf	*..*		:17186	14975	-1	0	432.234	1	0.967772	0	0	173.346	448000.0	nemiralisib [2M-H2O+2H]+2	CMMC-REFRAME-POSITIVE-LIBRARY	temp/spectra_filtered.mgf1704	-1	CMMC-REFRAME-POSITIVE-LIBRARY.mgf	10.167				9	0	0.00439453	432.238	0	CCMSLIB00012269288
2290	spectra_filtered.mgf	*..*		:23473	23919	-1	0	195.102	1	0.967675	0	0	2061450.0	524200.0	(1S,2S,6R,7R,9R)-6-methyl-10,12-dioxatricyclo[7.2.1.0<2,7>]dodec-4-en-8-one CollisionEnergy:205060 M+H	BERKELEY-LAB	temp/spectra_filtered.mgf2290	-1	BERKELEY-LAB.mgf	1.56419				7	0	0.000305176	195.102	0	CCMSLIB00010125909
2742	spectra_filtered.mgf	*..*		:8638	9084	-1	0	163.039	1	0.965547	0	0	1476400.0	170100.0	caffeic acid CollisionEnergy:102040 M+H-H2O	BERKELEY-LAB	temp/spectra_filtered.mgf2742	-1	BERKELEY-LAB.mgf	1.8718				8	0	0.000305176	163.039	0	CCMSLIB00010111072
2055	spectra_filtered.mgf	*..*		:1411	128	-1	0	283.175	1	0.964268	0	0	25620800.0	964000.0	Spectral Match to Hexaethylene glycol from NIST14 M+H	GNPS-NIST14-MATCHES	temp/spectra_filtered.mgf2055	-1	GNPS-NIST14-MATCHES.mgf	0.646616				7	0	0.000183105	283.175	0	CCMSLIB00003134614
1785	spectra_filtered.mgf	*..*		:15390	13393	-1	0	460.267	1	0.963916	0	0	143.118	1225400.0	emorfazone [2M-2H2O+NH4]+	CMMC-REFRAME-POSITIVE-LIBRARY	temp/spectra_filtered.mgf1785	-1	CMMC-REFRAME-POSITIVE-LIBRARY.mgf	4.97281				6	0	0.00228882	460.269	0	CCMSLIB00012267706
2076	spectra_filtered.mgf	*..*		:2839	3285	-1	0	304.154	1	0.963619	0	0	16697200.0	365400.0	scopolamine CollisionEnergy:102040 M+H	BERKELEY-LAB	temp/spectra_filtered.mgf2076	-1	BERKELEY-LAB.mgf	1.00336				8	0	0.000305176	304.154	0	CCMSLIB00010105273
2265	spectra_filtered.mgf	*..*		:1	487	-1	0	288.253	1	0.95909	0	0	293681000.0	584700.0	Lauryl diethanolamide M+H	CASMI	temp/spectra_filtered.mgf2265	-1	CASMI.mgf	1.05871				6	0	0.000305176	288.253	0	CCMSLIB00000579850
1777	spectra_filtered.mgf	*..*		:2255	326	-1	0	279.231	1	0.958155	0	0	1008200.0	971700.0	Spectral Match to 9(10)-EpOME from NIST14 M+H-H2O	GNPS-NIST14-MATCHES	temp/spectra_filtered.mgf1777	-1	GNPS-NIST14-MATCHES.mgf	3.60662				11	0	0.00100708	279.232	0	CCMSLIB00003134812
3019	spectra_filtered.mgf	*..*		:1	5125	-1	0	355.101	1	0.958086	0	0	161361000.0	607400.0	Chlorogenic acid-emf M+H	GNPS-LIBRARY	temp/spectra_filtered.mgf3019	-1	GNPS-LIBRARY.mgf	4.21109				6	0	0.00149536	355.103	0	CCMSLIB00005463717
2412	spectra_filtered.mgf	*..*		:1138	46169	-1	0	595.166	1	0.957947	0	0	136.964	5668000.0	3-[(2S,3R,4S,5R,6R)-3,5-dihydroxy-6-(hydroxymethyl)-4-[(2S,3R,4R,5R,6S)-3,4,5-trihydroxy-6-methyloxan-2-yl]oxyoxan-2-yl]oxy-5,7-dihydroxy-2-(4-hydroxyphenyl)chromen-4-one [M+H]+	MONA	temp/spectra_filtered.mgf2412	-1	MONA.mgf	1.33317				9	0	0.000793457	595.165	0	CCMSLIB00004718769
2341	spectra_filtered.mgf	*..*		:9952	8620	-1	0	318.3	1	0.956642	0	0	170.296	168300.0	phytosphingosine [M+H]+	CMMC-REFRAME-POSITIVE-LIBRARY	temp/spectra_filtered.mgf2341	-1	CMMC-REFRAME-POSITIVE-LIBRARY.mgf	185.905				9	0	0.0591736	318.241	0	CCMSLIB00012260331
2262	spectra_filtered.mgf	*..*		:6738	5886	-1	0	311.186	1	0.952603	0	0	286.512	676300.0	Guancydine [2M-2H2O+K]+	CMMC-REFRAME-POSITIVE-LIBRARY	temp/spectra_filtered.mgf2262	-1	CMMC-REFRAME-POSITIVE-LIBRARY.mgf	2.54978				11	0	0.000793457	311.185	0	CCMSLIB00012252843
2372	spectra_filtered.mgf	*..*		:24961	43424	-1	0	434.202	1	0.95254	0	0	493.863	297000.0	(2R,3S,4S,5R,6R)-2-[[(2S,3R,4R)-3,4-dihydroxy-4-(hydroxymethyl)oxolan-2-yl]oxymethyl]-6-(2-phenylethoxy)oxane-3,4,5-triol [M+NH4]+	MONA	temp/spectra_filtered.mgf2372	-1	MONA.mgf	0.210853				10	0	9.15527e-05	434.202	0	CCMSLIB00004716024
1474	spectra_filtered.mgf	*..*		:375	14164	-1	0	325.113	1	0.952424	0	0	617470.0	333600.0	Sucrose M+H-H2O	GNPS-LIBRARY	temp/spectra_filtered.mgf1474	-1	GNPS-LIBRARY.mgf	0.657073				7	0	0.000213623	325.113	0	CCMSLIB00012176428
2328	spectra_filtered.mgf	*..*		:641	4533	-1	0	579.15	1	0.952042	0	0	701737.0	4241000.0	Spectral Match to Procyanidin B2 from NIST14 M+H	GNPS-NIST14-MATCHES	temp/spectra_filtered.mgf2328	-1	GNPS-NIST14-MATCHES.mgf	2.42391				18	0	0.00140381	579.149	0	CCMSLIB00003139020
113	spectra_filtered.mgf	*..*		:1	1247	-1	0	203.223	1	0.950946	0	0	222.148	289400.0	N1, N1'-(butane-1,4-diyl)bis (propane-1,3-diamine) [M+H]+	CMMC-LIBRARY	temp/spectra_filtered.mgf113	-1	CMMC-LIBRARY.mgf	0.450504				6	0	9.15527e-05	203.223	0	CCMSLIB00012472261
2235	spectra_filtered.mgf	*..*		:21768	18929	-1	0	403.236	1	0.950356	0	0	264.161	406000.0	SCHEMBL658597 [M+Na]+	CMMC-REFRAME-POSITIVE-LIBRARY	temp/spectra_filtered.mgf2235	-1	CMMC-REFRAME-POSITIVE-LIBRARY.mgf	8.62771				11	0	0.003479	403.233	0	CCMSLIB00012273242
2273	spectra_filtered.mgf	*..*		:12360	12806	-1	0	250.119	1	0.949728	0	0	2570730.0	247900.0	1,3,5-triprop-2-enyl-1,3,5-triazaperhydroine-2,4,6-trione CollisionEnergy:205060 M+H	BERKELEY-LAB	temp/spectra_filtered.mgf2273	-1	BERKELEY-LAB.mgf	1.58616				6	0	0.000396729	250.119	0	CCMSLIB00010114794
1239	spectra_filtered.mgf	*..*		:4128	14186	-1	0	303.05	1	0.948411	0	0	361214000.0	422000.0	Quercetin M+H	GNPS-LIBRARY	temp/spectra_filtered.mgf1239	-1	GNPS-LIBRARY.mgf	0.906313				14	0	0.000274658	303.05	0	CCMSLIB00012176450
2455	spectra_filtered.mgf	*..*		:6841	6841	-1	0	360.15	1	0.948289	0	0	22794000.0	231300.0	Lactulose - 40.0 eV M+NH4	BIRMINGHAM-UHPLC-MS-POS	temp/spectra_filtered.mgf2455	-1	BIRMINGHAM-UHPLC-MS-POS.mgf	0.254207				8	0	9.15527e-05	360.15	0	CCMSLIB00006124323
2778	spectra_filtered.mgf	*..*		:2501	85	-1	0	772.586	1	0.948053	0	0	12134500.0	1499000.0	Spectral Match to 1-(1Z-Octadecenyl)-2-(9Z-octadecenoyl)-sn-glycero-3-phosphocholine from NIST14 M+H	GNPS-NIST14-MATCHES	temp/spectra_filtered.mgf2778	-1	GNPS-NIST14-MATCHES.mgf	49.2177				7	0	0.0380249	772.548	0	CCMSLIB00003134571
1622	spectra_filtered.mgf	*..*		:142	49382	-1	0	146.165	1	0.94782	0	0	156.5	844000.0	SPERMIDINE M+H	MONA	temp/spectra_filtered.mgf1622	-1	MONA.mgf	0.73076				6	0	0.000106812	146.165	0	CCMSLIB00006678412
2541	spectra_filtered.mgf	*..*		:2329	47570	-1	0	449.108	1	0.947314	0	0	119.675	1286400.0	kaempferol 7-O-glucoside [M+H]+	MONA	temp/spectra_filtered.mgf2541	-1	MONA.mgf	0.679515				8	0	0.000305176	449.108	0	CCMSLIB00004720170
2491	spectra_filtered.mgf	*..*		:1186	46226	-1	0	625.176	1	0.944987	0	0	140.16	311500.0	5,7-dihydroxy-2-(4-hydroxy-3-methoxyphenyl)-3-[3,4,5-trihydroxy-6-[[(2R,3R,4R,5R,6S)-3,4,5-trihydroxy-6-methyloxan-2-yl]oxymethyl]oxan-2-yl]oxychromen-4-one [M+H]+	MONA	temp/spectra_filtered.mgf2491	-1	MONA.mgf	0.390515				7	0	0.000244141	625.176	0	CCMSLIB00004718826
3397	spectra_filtered.mgf	*..*		:2524	4308	-1	0	758.569	1	0.943146	0	0	8794860.0	8535700.0	Spectral Match to 1-Hexadecanoyl-2-octadecadienoyl-sn-glycero-3-phosphocholine from NIST14 M+H	GNPS-NIST14-MATCHES	temp/spectra_filtered.mgf3397	-1	GNPS-NIST14-MATCHES.mgf	1.20691				6	0	0.000915527	758.57	0	CCMSLIB00003138795
1303	spectra_filtered.mgf	*..*		:26	637	-1	0	203.223	1	0.942758	0	0	10594800.0	228900.0	SPERMINE M+H	GNPS-MSMLS	temp/spectra_filtered.mgf1303	-1	GNPS-MSMLS.mgf	0.976092				6	0	0.000198364	203.223	0	CCMSLIB00005464388
1899	spectra_filtered.mgf	*..*		:3727	4173	-1	0	292.154	1	0.942685	0	0	5104280.0	690500.0	Fillalbin CollisionEnergy:102040 M+H	BERKELEY-LAB	temp/spectra_filtered.mgf1899	-1	BERKELEY-LAB.mgf	250.593				7	0	0.0732117	292.227	0	CCMSLIB00010106161
2139	spectra_filtered.mgf	*..*		:3166	2758	-1	0	180.087	1	0.942647	0	0	251.297	799000.0	D-Lyxo-Hex-2-ulo-Pyranose [M-H2O+NH4]+	CMMC-REFRAME-POSITIVE-LIBRARY	temp/spectra_filtered.mgf2139	-1	CMMC-REFRAME-POSITIVE-LIBRARY.mgf	2.28771				7	0	0.000411987	180.087	0	CCMSLIB00012249715
1461	spectra_filtered.mgf	*..*		:2524	4308	-1	0	758.569	1	0.942486	0	0	8794860.0	5625900.0	Spectral Match to 1-Hexadecanoyl-2-octadecadienoyl-sn-glycero-3-phosphocholine from NIST14 M+H	GNPS-NIST14-MATCHES	temp/spectra_filtered.mgf1461	-1	GNPS-NIST14-MATCHES.mgf	0.724148				6	0	0.000549316	758.57	0	CCMSLIB00003138795
2695	spectra_filtered.mgf	*..*		:122	292	-1	0	449.108	1	0.942346	0	0	121.0	3395600.0	Quercitrin 40eV M+H	PHENOLICSDB	temp/spectra_filtered.mgf2695	-1	PHENOLICSDB.mgf	1.56289				7	0	0.000701904	449.107	0	CCMSLIB00012079713
2878	spectra_filtered.mgf	*..*		:2626	5749	-1	0	784.584	1	0.941029	0	0	25358800.0	3361700.0	Spectral Match to Arachidonoylthio-PC from NIST14 M+H	GNPS-NIST14-MATCHES	temp/spectra_filtered.mgf2878	-1	GNPS-NIST14-MATCHES.mgf	1.55586				6	0	0.0012207	784.585	0	CCMSLIB00003140236
1571	spectra_filtered.mgf	*..*		:3379	2944	-1	0	306.17	1	0.94101	0	0	65.61	861400.0	Atropine oxide [M+H]+	CMMC-REFRAME-POSITIVE-LIBRARY	temp/spectra_filtered.mgf1571	-1	CMMC-REFRAME-POSITIVE-LIBRARY.mgf	1.69448				6	0	0.000518799	306.169	0	CCMSLIB00012249901
2092	spectra_filtered.mgf	*..*		:20760	3780	-1	0	371.316	1	0.940279	0	0	549882000.0	234900.0	Spectral Match to Hexanedioic acid, bis(2-ethylhexyl) ester from NIST14 M+H	GNPS-NIST14-MATCHES	temp/spectra_filtered.mgf2092	-1	GNPS-NIST14-MATCHES.mgf	0.821876				8	0	0.000305176	371.316	0	CCMSLIB00003138267
2401	spectra_filtered.mgf	*..*		:3514	2615	-1	0	382.295	1	0.93942	0	0	5429970.0	256200.0	Thr-C18:2 M+H	ECG-ACYL-AMIDES-C4-C24-LIBRARY	temp/spectra_filtered.mgf2401	-1	ECG-ACYL-AMIDES-C4-C24-LIBRARY.mgf	0.798273				6	0	0.000305176	382.295	0	CCMSLIB00011436108
2417	spectra_filtered.mgf	*..*		:2799	4623	-1	0	782.569	1	0.938912	0	0	149509.0	3046300.0	Spectral Match to 1-Hexadecanoyl-2-(9Z-octadecenoyl)-sn-glycero-3-phosphocholine from NIST14 M+Na	GNPS-NIST14-MATCHES	temp/spectra_filtered.mgf2417	-1	GNPS-NIST14-MATCHES.mgf	0.623947				6	0	0.000488281	782.568	0	CCMSLIB00003139110
1969	spectra_filtered.mgf	*..*		:7429	25892	-1	0	466.265	1	0.938379	0	0	218.511	285700.0	(2R,3S,4S,5R,6R)-2-[[(2R,3R,4R,5S)-3,4-dihydroxy-5-(hydroxymethyl)oxolan-2-yl]oxymethyl]-6-[(2E)-3,7-dimethylocta-2,6-dienoxy]oxane-3,4,5-triol [M+NH4]+	MONA	temp/spectra_filtered.mgf1969	-1	MONA.mgf	0.261805				12	0	0.00012207	466.265	0	CCMSLIB00004698492
399	spectra_filtered.mgf	*..*		:7429	25892	-1	0	466.265	1	0.938379	0	0	218.511	285700.0	(2R,3S,4S,5R,6R)-2-[[(2R,3R,4R,5S)-3,4-dihydroxy-5-(hydroxymethyl)oxolan-2-yl]oxymethyl]-6-[(2E)-3,7-dimethylocta-2,6-dienoxy]oxane-3,4,5-triol [M+NH4]+	MONA	temp/spectra_filtered.mgf399	-1	MONA.mgf	0.0				12	0	0.0	466.265	0	CCMSLIB00004698492
3365	spectra_filtered.mgf	*..*		:2749	3352	-1	0	524.37	1	0.938316	0	0	1240120.0	551400.0	Spectral Match to 1-Stearoyl-2-hydroxy-sn-glycero-3-phosphocholine from NIST14 M+H	GNPS-NIST14-MATCHES	temp/spectra_filtered.mgf3365	-1	GNPS-NIST14-MATCHES.mgf	2.09515				7	0	0.00109863	524.371	0	CCMSLIB00003137839
1920	spectra_filtered.mgf	*..*		:2365	2532	-1	0	778.54	1	0.937997	0	0	2395140.0	5712500.0	Spectral Match to 1,2-Di-(9Z,12Z,15Z-octadecatrienoyl)-sn-glycero-3-phosphocholine from NIST14 M+H	GNPS-NIST14-MATCHES	temp/spectra_filtered.mgf1920	-1	GNPS-NIST14-MATCHES.mgf	2.11672				6	0	0.00164795	778.538	0	CCMSLIB00003137019
2053	spectra_filtered.mgf	*..*		:4886	3306	-1	0	531.407	1	0.937331	0	0	4599470.0	194500.0	Spectral Match to Didodecyl 3,3'-thiodipropionate oxide from NIST14 M+H	GNPS-NIST14-MATCHES	temp/spectra_filtered.mgf2053	-1	GNPS-NIST14-MATCHES.mgf	5.28337				7	0	0.00280762	531.41	0	CCMSLIB00003137793
3296	spectra_filtered.mgf	*..*		:2463	2742	-1	0	782.571	1	0.936357	0	0	550572.0	4070100.0	Spectral Match to 1,2-Dilinoleoyl-sn-glycero-3-phosphocholine from NIST14 M+H	GNPS-NIST14-MATCHES	temp/spectra_filtered.mgf3296	-1	GNPS-NIST14-MATCHES.mgf	2.02782				6	0	0.00158691	782.569	0	CCMSLIB00003137229
2594	spectra_filtered.mgf	*..*		:543	2548	-1	0	579.15	1	0.935021	0	0	249221.0	2777700.0	Spectral Match to Procyanidin B2 from NIST14 M+H	GNPS-NIST14-MATCHES	temp/spectra_filtered.mgf2594	-1	GNPS-NIST14-MATCHES.mgf	0.42155				16	0	0.000244141	579.15	0	CCMSLIB00003137035
104	spectra_filtered.mgf	*..*		:1203	46245	-1	0	463.124	1	0.934572	0	0	142.004	665000.0	5,8-dihydroxy-2-(4-hydroxyphenyl)-7-methoxy-3-[(2S,3R,4R,5R,6S)-3,4,5-trihydroxy-6-methyloxan-2-yl]oxychromen-4-one [M+H]+	MONA	temp/spectra_filtered.mgf104	-1	MONA.mgf	4.74444				6	0	0.00219727	463.122	0	CCMSLIB00004718845
2615	spectra_filtered.mgf	*..*		:743	49983	-1	0	163.06	1	0.934264	0	0	255.6	482000.0	1,6-ANHYDRO-B-GLUCOSE M+H	MONA	temp/spectra_filtered.mgf2615	-1	MONA.mgf	1.21651				6	0	0.000198364	163.06	0	CCMSLIB00006679013
1030	spectra_filtered.mgf	*..*		:247	45161	-1	0	493.134	1	0.933768	0	0	108.415	2027400.0	7-hydroxy-2-(4-hydroxy-3,5-dimethoxyphenyl)-5-[(2S,3R,4S,5S,6R)-3,4,5-trihydroxy-6-(hydroxymethyl)oxan-2-yl]oxychromen-4-one [M+H]+	MONA	temp/spectra_filtered.mgf1030	-1	MONA.mgf	1.85655				7	0	0.000915527	493.133	0	CCMSLIB00004717761
1792	spectra_filtered.mgf	*..*		:1	83	-1	0	343.1	1	0.932979	0	0	26347700.0	137200.0	Sucrose M+H	GNPS-EMBL-MCF	temp/spectra_filtered.mgf1792	-1	GNPS-EMBL-MCF.mgf	68.222				6	0	0.023407	343.123	0	CCMSLIB00000479739
833	spectra_filtered.mgf	*..*		:2255	326	-1	0	279.231	1	0.93185	0	0	1008200.0	782800.0	Spectral Match to 9(10)-EpOME from NIST14 M+H-H2O	GNPS-NIST14-MATCHES	temp/spectra_filtered.mgf833	-1	GNPS-NIST14-MATCHES.mgf	3.27875				10	0	0.000915527	279.232	0	CCMSLIB00003134812
1454	spectra_filtered.mgf	*..*		:34	442	-1	0	197.101	1	0.931072	0	0	332384.0	339800.0	ARGININE M+Na	GNPS-MSMLS	temp/spectra_filtered.mgf1454	-1	GNPS-MSMLS.mgf	0.464497				6	0	9.15527e-05	197.101	0	CCMSLIB00005464193
2085	spectra_filtered.mgf	*..*		:18643	16211	-1	0	306.17	1	0.92823	0	0	68.21	803200.0	anisodamine [M+H]+	CMMC-REFRAME-POSITIVE-LIBRARY	temp/spectra_filtered.mgf2085	-1	CMMC-REFRAME-POSITIVE-LIBRARY.mgf	116.919				6	0	0.0357971	306.206	0	CCMSLIB00012270524
534	spectra_filtered.mgf	*..*		:409	5208	-1	0	325.112	1	0.928064	0	0	119176.0	311900.0	Spectral Match to Sucrose from NIST14 M+H-H2O	GNPS-NIST14-MATCHES	temp/spectra_filtered.mgf534	-1	GNPS-NIST14-MATCHES.mgf	2.44057				6	0	0.000793457	325.113	0	CCMSLIB00003139695
1559	spectra_filtered.mgf	*..*		:3786	196	-1	0	277.216	1	0.925074	0	0	414991.0	136000.0	Spectral Match to 9S-Hydroxy-10E,12Z,15Z-octadecatrienoic acid from NIST14 M+H-H2O	GNPS-NIST14-MATCHES	temp/spectra_filtered.mgf1559	-1	GNPS-NIST14-MATCHES.mgf	0.0				9	0	0.0	277.216	0	CCMSLIB00003134682
365	spectra_filtered.mgf	*..*		:3786	196	-1	0	277.216	1	0.925074	0	0	414991.0	136000.0	Spectral Match to 9S-Hydroxy-10E,12Z,15Z-octadecatrienoic acid from NIST14 M+H-H2O	GNPS-NIST14-MATCHES	temp/spectra_filtered.mgf365	-1	GNPS-NIST14-MATCHES.mgf	0.660516				9	0	0.000183105	277.216	0	CCMSLIB00003134682
1445	spectra_filtered.mgf	*..*		:18643	16211	-1	0	306.17	1	0.924338	0	0	68.21	2146000.0	anisodamine [M+H]+	CMMC-REFRAME-POSITIVE-LIBRARY	temp/spectra_filtered.mgf1445	-1	CMMC-REFRAME-POSITIVE-LIBRARY.mgf	0.0				7	0	0.0	306.17	0	CCMSLIB00012270524
2374	spectra_filtered.mgf	*..*		:3667	2622	-1	0	350.342	1	0.922909	0	0	3894350.0	341400.0	amylamine-C18:2 M+H	ECG-ACYL-AMIDES-C4-C24-LIBRARY	temp/spectra_filtered.mgf2374	-1	ECG-ACYL-AMIDES-C4-C24-LIBRARY.mgf	2.26481				13	0	0.000793457	350.343	0	CCMSLIB00011436115
1680	spectra_filtered.mgf	*..*		:5294	5294	-1	0	258.11	1	0.921994	0	0	461396000.0	709800.0	L-alpha-Glycerylphosphorylcholine - 40.0 eV M+H	BIRMINGHAM-UHPLC-MS-POS	temp/spectra_filtered.mgf1680	-1	BIRMINGHAM-UHPLC-MS-POS.mgf	2.7194				6	0	0.000701904	258.111	0	CCMSLIB00006121569
3268	spectra_filtered.mgf	*..*		:1165	61	-1	0	287.054	1	0.921491	0	0	900138.0	721000.0	Spectral Match to Datiscetin from NIST14 M+H	GNPS-NIST14-MATCHES	temp/spectra_filtered.mgf3268	-1	GNPS-NIST14-MATCHES.mgf	1.48838				13	0	0.000427246	287.054	0	CCMSLIB00003134547
1535	spectra_filtered.mgf	*..*		:16916	28915	-1	0	251.14	1	0.921202	0	0	5142.0	1665900.0	Massbank:PR311112 Caffeoyl putrescin (isomer of 1059) M+H	MASSBANK	temp/spectra_filtered.mgf1535	-1	MASSBANK.mgf	4.37458				7	0	0.00109863	251.139	0	CCMSLIB00005742467
2379	spectra_filtered.mgf	*..*		:75	3313	-1	0	177.039	1	0.920169	0	0	39865400.0	608000.0	l-ascorbic acid  M+H	GNPS-LIBRARY	temp/spectra_filtered.mgf2379	-1	GNPS-LIBRARY.mgf	2.24091				7	0	0.000396729	177.039	0	CCMSLIB00003740011
1845	spectra_filtered.mgf	*..*		:247	45161	-1	0	493.134	1	0.918337	0	0	108.415	2013700.0	7-hydroxy-2-(4-hydroxy-3,5-dimethoxyphenyl)-5-[(2S,3R,4S,5S,6R)-3,4,5-trihydroxy-6-(hydroxymethyl)oxan-2-yl]oxychromen-4-one [M+H]+	MONA	temp/spectra_filtered.mgf1845	-1	MONA.mgf	2.84671				8	0	0.00140381	493.133	0	CCMSLIB00004717761
297	spectra_filtered.mgf	*..*		:2488	931	-1	0	706.537	1	0.91767	0	0	7437560.0	1659100.0	Spectral Match to 1-Myristoyl-2-palmitoyl-sn-glycero-3-phosphocholine from NIST14 M+H	GNPS-NIST14-MATCHES	temp/spectra_filtered.mgf297	-1	GNPS-NIST14-MATCHES.mgf	103.836				7	0	0.0733643	706.464	0	CCMSLIB00003135417
2132	spectra_filtered.mgf	*..*		:79	3228	-1	0	138.055	1	0.917123	0	0	135985000.0	1614000.0	Trigonelline M+H	GNPS-LIBRARY	temp/spectra_filtered.mgf2132	-1	GNPS-LIBRARY.mgf	0.0				6	0	0.0	138.055	0	CCMSLIB00003142437
1113	spectra_filtered.mgf	*..*		:2431	3801	-1	0	678.506	1	0.915704	0	0	10063900.0	838000.0	Spectral Match to 1,2-Ditetradecanoyl-sn-glycero-3-phosphocholine from NIST14 M+H	GNPS-NIST14-MATCHES	temp/spectra_filtered.mgf1113	-1	GNPS-NIST14-MATCHES.mgf	55.4124				6	0	0.0375977	678.468	0	CCMSLIB00003138288
3136	spectra_filtered.mgf	*..*		:2549	2453	-1	0	522.355	1	0.913793	0	0	1976950.0	250000.0	Spectral Match to 1-(9Z-Octadecenoyl)-sn-glycero-3-phosphocholine from NIST14 M+H	GNPS-NIST14-MATCHES	temp/spectra_filtered.mgf3136	-1	GNPS-NIST14-MATCHES.mgf	0.584231				6	0	0.000305176	522.355	0	CCMSLIB00003136940
251	spectra_filtered.mgf	*..*		:237	6657	-1	0	442.265	1	0.912948	0	0	546600.0	2530700.0	NCGC00384922-01!(2R,3R,4S,5S,6R)-2-octoxy-6-[[(2S,3R,4S,5R)-3,4,5-trihydroxyoxan-2-yl]oxymethyl]oxane-3,4,5-triol [IIN-based: Match] [M+NH4]+	GNPS-NIH-NATURALPRODUCTSLIBRARY_ROUND2_POSITIVE	temp/spectra_filtered.mgf251	-1	GNPS-NIH-NATURALPRODUCTSLIBRARY_ROUND2_POSITIVE.mgf	0.207009				15	0	9.15527e-05	442.265	0	CCMSLIB00005721953
56	spectra_filtered.mgf	*..*		:237	6657	-1	0	442.265	1	0.912948	0	0	546600.0	2530700.0	NCGC00384922-01!(2R,3R,4S,5S,6R)-2-octoxy-6-[[(2S,3R,4S,5R)-3,4,5-trihydroxyoxan-2-yl]oxymethyl]oxane-3,4,5-triol [IIN-based: Match] [M+NH4]+	GNPS-NIH-NATURALPRODUCTSLIBRARY_ROUND2_POSITIVE	temp/spectra_filtered.mgf56	-1	GNPS-NIH-NATURALPRODUCTSLIBRARY_ROUND2_POSITIVE.mgf	0.897038				15	0	0.000396729	442.265	0	CCMSLIB00005721953
1264	spectra_filtered.mgf	*..*		:1096	1339	-1	0	303.05	1	0.912884	0	0	556890.0	111200.0	Spectral Match to Quercetin from NIST14 M+H	GNPS-NIST14-MATCHES	temp/spectra_filtered.mgf1264	-1	GNPS-NIST14-MATCHES.mgf	0.906313				12	0	0.000274658	303.05	0	CCMSLIB00003135825
2008	spectra_filtered.mgf	*..*		:2255	326	-1	0	279.231	1	0.910625	0	0	1008200.0	147800.0	Spectral Match to 9(10)-EpOME from NIST14 M+H-H2O	GNPS-NIST14-MATCHES	temp/spectra_filtered.mgf2008	-1	GNPS-NIST14-MATCHES.mgf	3.27875				8	0	0.000915527	279.232	0	CCMSLIB00003134812
2469	spectra_filtered.mgf	*..*		:6453	6451	-1	0	419.098	1	0.908133	0	0	1280.0	1295400.0	ReSpect:PT109220 Kaempferol-3-O-alpha-L-arabinoside|Kaem-3-Ara|Kaempferol-3-O-alpha-L-arabinopyranoside|5,7-dihydroxy-2-(4-hydroxyphenyl)-3-[(2S,3R,4S,5S)-3,4,5-trihydroxyoxan-2-yl]oxychromen-4-one [M+H]	RESPECT	temp/spectra_filtered.mgf2469	-1	RESPECT.mgf	1.6748				7	0	0.000701904	419.097	0	CCMSLIB00000221467
1201	spectra_filtered.mgf	*..*		:2493	1621	-1	0	734.568	1	0.907091	0	0	50631400.0	378300.0	Spectral Match to 1-Stearoyl-2-myristoyl-sn-glycero-3-phosphocholine from NIST14 M+H	GNPS-NIST14-MATCHES	temp/spectra_filtered.mgf1201	-1	GNPS-NIST14-MATCHES.mgf	95.3872				6	0	0.0700684	734.498	0	CCMSLIB00003136108
2307	spectra_filtered.mgf	*..*		:730	323	-1	0	623.197	1	0.906301	0	0	181639000.0	2989100.0	PECTOLINARIN M+H	LEAFBOT	temp/spectra_filtered.mgf2307	-1	LEAFBOT.mgf	1.7629				9	0	0.00109863	623.196	0	CCMSLIB00011428095
1158	spectra_filtered.mgf	*..*		:2380	110	-1	0	788.612	1	0.905574	0	0	577352.0	1357600.0	Spectral Match to 1-Octadecanoyl-2-octadecenoyl-sn-glycero-3-phosphocholine from NIST14 M+H	GNPS-NIST14-MATCHES	temp/spectra_filtered.mgf1158	-1	GNPS-NIST14-MATCHES.mgf	88.1537				6	0	0.069519	788.542	0	CCMSLIB00003134596
574	spectra_filtered.mgf	*..*		:2380	110	-1	0	788.612	1	0.905574	0	0	577352.0	1357600.0	Spectral Match to 1-Octadecanoyl-2-octadecenoyl-sn-glycero-3-phosphocholine from NIST14 M+H	GNPS-NIST14-MATCHES	temp/spectra_filtered.mgf574	-1	GNPS-NIST14-MATCHES.mgf	87.1475				6	0	0.0687256	788.543	0	CCMSLIB00003134596
1779	spectra_filtered.mgf	*..*		:51232	51232	-1	0	284.13	1	0.905075	0	0	2035.0	246500.0	Paprazine [M+H]+	BMDMS-NP	temp/spectra_filtered.mgf1779	-1	BMDMS-NP.mgf	6.65924				6	0	0.00189209	284.128	0	CCMSLIB00006405532
1980	spectra_filtered.mgf	*..*		:10909	11355	-1	0	225.076	1	0.904549	0	0	3539600.0	443300.0	SINAPIC ACID CollisionEnergy:102040 M+H	BERKELEY-LAB	temp/spectra_filtered.mgf1980	-1	BERKELEY-LAB.mgf	1.35588				6	0	0.000305176	225.076	0	CCMSLIB00010113343
1027	spectra_filtered.mgf	*..*		:2328	47569	-1	0	449.108	1	0.902978	0	0	107.512	1099900.0	kaempferol 7-O-glucoside [M+H]+	MONA	temp/spectra_filtered.mgf1027	-1	MONA.mgf	0.88337				6	0	0.000396729	449.108	0	CCMSLIB00004720169
2605	spectra_filtered.mgf	*..*		:14191	12337	-1	0	135.044	1	0.902568	0	0	55.526	311200.0	Isoxepac [M+2H]+2	CMMC-REFRAME-POSITIVE-LIBRARY	temp/spectra_filtered.mgf2605	-1	CMMC-REFRAME-POSITIVE-LIBRARY.mgf	0.790939				8	0	0.000106812	135.044	0	CCMSLIB00012266650
2998	spectra_filtered.mgf	*..*		:3730	5685	-1	0	335.258	1	0.899703	0	0	262535.0	189800.0	Spectral Match to Monolinolenin (9c,12c,15c) from NIST14 M+H-H2O	GNPS-NIST14-MATCHES	temp/spectra_filtered.mgf2998	-1	GNPS-NIST14-MATCHES.mgf	0.0				8	0	0.0	335.258	0	CCMSLIB00003140172
3534	spectra_filtered.mgf	*..*		:2997	3931	-1	0	353.269	1	0.897653	0	0	538621.0	180800.0	Spectral Match to Monolinolenin (9c,12c,15c) from NIST14 M+H	GNPS-NIST14-MATCHES	temp/spectra_filtered.mgf3534	-1	GNPS-NIST14-MATCHES.mgf	0.345545				10	0	0.00012207	353.269	0	CCMSLIB00003138418
2293	spectra_filtered.mgf	*..*		:1427	4499	-1	0	776.234	1	0.896009	0	0	63569300.0	407100.0	Contaminant vial septum ThermoFisher C5000-44B M+NH4	GNPS-LIBRARY	temp/spectra_filtered.mgf2293	-1	GNPS-LIBRARY.mgf	2.59478				18	0	0.00201416	776.232	0	CCMSLIB00005435824
143	spectra_filtered.mgf	*..*		:6268	24731	-1	0	344.134	1	0.895568	0	0	196.654	1063800.0	(E)-3-[4-[(2S,3R,4S,5S,6R)-3,4,5-trihydroxy-6-(hydroxymethyl)oxan-2-yl]oxyphenyl]prop-2-enoic acid [M+NH4]+	MONA	temp/spectra_filtered.mgf143	-1	MONA.mgf	0.886793				6	0	0.000305176	344.134	0	CCMSLIB00004697331
2225	spectra_filtered.mgf	*..*		:2196	10662	-1	0	756.551	1	0.89288	0	0	45870200.0	2716100.0	PC-DAG (16:0/18:3) M+H	GNPS-LIBRARY	temp/spectra_filtered.mgf2225	-1	GNPS-LIBRARY.mgf	3.79175				6	0	0.00286865	756.554	0	CCMSLIB00006678075
2261	spectra_filtered.mgf	*..*		:1382	4497	-1	0	702.215	1	0.891139	0	0	49944500.0	792200.0	Contaminant vial septum ThermoFisher C5000-44B M+NH4	GNPS-LIBRARY	temp/spectra_filtered.mgf2261	-1	GNPS-LIBRARY.mgf	1.9122				16	0	0.00134277	702.214	0	CCMSLIB00005435822
819	spectra_filtered.mgf	*..*		:2255	326	-1	0	279.231	1	0.890476	0	0	1008200.0	1453500.0	Spectral Match to 9(10)-EpOME from NIST14 M+H-H2O	GNPS-NIST14-MATCHES	temp/spectra_filtered.mgf819	-1	GNPS-NIST14-MATCHES.mgf	2.5137				8	0	0.000701904	279.232	0	CCMSLIB00003134812
3377	spectra_filtered.mgf	*..*		:2474	5352	-1	0	518.321	1	0.888832	0	0	913589.0	283000.0	Spectral Match to 1-Hexadecanoyl-sn-glycero-3-phosphocholine from NIST14 M+Na	GNPS-NIST14-MATCHES	temp/spectra_filtered.mgf3377	-1	GNPS-NIST14-MATCHES.mgf	0.824289				6	0	0.000427246	518.321	0	CCMSLIB00003139839
1612	spectra_filtered.mgf	*..*		:22892	34891	-1	0	265.155	1	0.888804	0	0	4907.0	2294200.0	Massbank:PR311013 Feruloyl putrescine (isomer of 1173) M+H	MASSBANK	temp/spectra_filtered.mgf1612	-1	MASSBANK.mgf	1.84149				8	0	0.000488281	265.155	0	CCMSLIB00005748443
2900	spectra_filtered.mgf	*..*		:1209	46252	-1	0	581.15	1	0.887107	0	0	121.483	624000.0	3-[(2S,3R,4S,5S,6R)-4,5-dihydroxy-6-(hydroxymethyl)-3-[(2S,3R,4S,5R)-3,4,5-trihydroxyoxan-2-yl]oxyoxan-2-yl]oxy-5,7-dihydroxy-2-(4-hydroxyphenyl)chromen-4-one [M+H]+	MONA	temp/spectra_filtered.mgf2900	-1	MONA.mgf	2.20552				11	0	0.00128174	581.151	0	CCMSLIB00004718852
48	spectra_filtered.mgf	*..*		:3650	2653	-1	0	398.269	1	0.885433	0	0	81643500.0	514300.0	PABA-C18:3 M+H	ECG-ACYL-AMIDES-C4-C24-LIBRARY	temp/spectra_filtered.mgf48	-1	ECG-ACYL-AMIDES-C4-C24-LIBRARY.mgf	92.3338				6	0	0.0367737	398.306	0	CCMSLIB00011436148
2004	spectra_filtered.mgf	*..*		:16916	28915	-1	0	251.14	1	0.884746	0	0	5142.0	914200.0	Massbank:PR311112 Caffeoyl putrescin (isomer of 1059) M+H	MASSBANK	temp/spectra_filtered.mgf2004	-1	MASSBANK.mgf	3.58473				7	0	0.000900269	251.139	0	CCMSLIB00005742467
3162	spectra_filtered.mgf	*..*		:1236	4966	-1	0	625.176	1	0.88314	0	0	691466.0	243100.0	Spectral Match to Narcissin from NIST14 M+H	GNPS-NIST14-MATCHES	temp/spectra_filtered.mgf3162	-1	GNPS-NIST14-MATCHES.mgf	2.34309				6	0	0.00146484	625.177	0	CCMSLIB00003139453
240	spectra_filtered.mgf	*..*		:1236	4966	-1	0	625.176	1	0.88314	0	0	691466.0	243100.0	Spectral Match to Narcissin from NIST14 M+H	GNPS-NIST14-MATCHES	temp/spectra_filtered.mgf240	-1	GNPS-NIST14-MATCHES.mgf	2.53835				6	0	0.00158691	625.178	0	CCMSLIB00003139453
2282	spectra_filtered.mgf	*..*		:4746	4925	-1	0	307.263	1	0.881653	0	0	1747170.0	146000.0	Spectral Match to 9Z,11E,13E-Octadecatrienoic acid ethyl ester from NIST14 M+H	GNPS-NIST14-MATCHES	temp/spectra_filtered.mgf2282	-1	GNPS-NIST14-MATCHES.mgf	0.297962				8	0	9.15527e-05	307.263	0	CCMSLIB00003139412
2295	spectra_filtered.mgf	*..*		:4719	5011	-1	0	284.3	1	0.880805	0	0	6162870.0	71200.0	Spectral Match to Octadecanamide from NIST14 M+H	GNPS-NIST14-MATCHES	temp/spectra_filtered.mgf2295	-1	GNPS-NIST14-MATCHES.mgf	17.4969				6	0	0.00497437	284.295	0	CCMSLIB00003139498
2863	spectra_filtered.mgf	*..*		:2629	182	-1	0	295.226	1	0.880055	0	0	360129.0	1222300.0	Spectral Match to 13-Keto-9Z,11E-octadecadienoic acid from NIST14 M+H	GNPS-NIST14-MATCHES	temp/spectra_filtered.mgf2863	-1	GNPS-NIST14-MATCHES.mgf	2.37752				12	0	0.000701904	295.227	0	CCMSLIB00003134668
3294	spectra_filtered.mgf	*..*		:10534	9124	-1	0	189.135	1	0.879552	0	0	279.47	761000.0	Tilarginine [M+H]+	CMMC-REFRAME-POSITIVE-LIBRARY	temp/spectra_filtered.mgf3294	-1	CMMC-REFRAME-POSITIVE-LIBRARY.mgf	29.0436				8	0	0.00549316	189.13	0	CCMSLIB00012261429
2913	spectra_filtered.mgf	*..*		:28863	28863	-1	0	703.575	1	0.879315	0	0	2197200.0	4670200.0	SM(d18:1/16:0); [M+H]+ C39H80N2O6P1 M+H	PNNL-LIPIDS-POSITIVE	temp/spectra_filtered.mgf2913	-1	PNNL-LIPIDS-POSITIVE.mgf	0.08675				6	0	6.10352e-05	703.575	0	CCMSLIB00010100267
1018	spectra_filtered.mgf	*..*		:4218	5408	-1	0	265.252	1	0.877946	0	0	1406980.0	503100.0	Spectral Match to 9-Octadecenamide, (Z)- from NIST14 M+H-NH3	GNPS-NIST14-MATCHES	temp/spectra_filtered.mgf1018	-1	GNPS-NIST14-MATCHES.mgf	3.68164				11	0	0.000976562	265.253	0	CCMSLIB00003139895
2349	spectra_filtered.mgf	*..*		:4218	5408	-1	0	265.252	1	0.877946	0	0	1406980.0	503100.0	Spectral Match to 9-Octadecenamide, (Z)- from NIST14 M+H-NH3	GNPS-NIST14-MATCHES	temp/spectra_filtered.mgf2349	-1	GNPS-NIST14-MATCHES.mgf	2.18597				11	0	0.000579834	265.253	0	CCMSLIB00003139895
2800	spectra_filtered.mgf	*..*		:83	3046	-1	0	325.113	1	0.877692	0	0	12929.0	230900.0	Spectral Match to Sucrose from NIST14 M+H-H2O	GNPS-NIST14-MATCHES	temp/spectra_filtered.mgf2800	-1	GNPS-NIST14-MATCHES.mgf	81.7587				6	0	0.0265808	325.14	0	CCMSLIB00003137533
135	spectra_filtered.mgf	*..*		:6809	18808	-1	0	187.096	1	0.876878	0	0	38584800.0	286600.0	Massbank:EQ331203 Gabapentin Related Compound E|1-(carboxymethyl)cyclohexanecarboxylic acid|1-(carboxymethyl)cyclohexane-1-carboxylic acid M+H	MASSBANK	temp/spectra_filtered.mgf135	-1	MASSBANK.mgf	2.20201				7	0	0.000411987	187.096	0	CCMSLIB00005732360
1614	spectra_filtered.mgf	*..*		:2578	3297	-1	0	563.552	1	0.876285	0	0	5172120.0	1839500.0	Spectral Match to 9-Octadecenamide, (Z)- from NIST14 2M+H	GNPS-NIST14-MATCHES	temp/spectra_filtered.mgf1614	-1	GNPS-NIST14-MATCHES.mgf	0.0				10	0	0.0	563.552	0	CCMSLIB00003137784
1934	spectra_filtered.mgf	*..*		:2578	3297	-1	0	563.552	1	0.876285	0	0	5172120.0	1839500.0	Spectral Match to 9-Octadecenamide, (Z)- from NIST14 2M+H	GNPS-NIST14-MATCHES	temp/spectra_filtered.mgf1934	-1	GNPS-NIST14-MATCHES.mgf	0.0				10	0	0.0	563.552	0	CCMSLIB00003137784
1096	spectra_filtered.mgf	*..*		:6516	6514	-1	0	234.099	1	0.874918	0	0	2774.0	192500.0	ReSpect:PT110640 1-Isothiocyanato-8-(methylsulfinyl)-octane|8-Methylsulfinyloctyl isothiocyanate [M+H]	RESPECT	temp/spectra_filtered.mgf1096	-1	RESPECT.mgf	5.99664				6	0	0.00140381	234.098	0	CCMSLIB00000221591
804	spectra_filtered.mgf	*..*		:2252	18	-1	0	177.164	1	0.873427	0	0	325230.0	145700.0	Spectral Match to 2-Butanone, 4-(2,6,6-trimethyl-2-cyclohexen-1-yl)- from NIST14 M+H-H2O	GNPS-NIST14-MATCHES	temp/spectra_filtered.mgf804	-1	GNPS-NIST14-MATCHES.mgf	4.56479				6	0	0.000808716	177.163	0	CCMSLIB00003134504
3128	spectra_filtered.mgf	*..*		:3689	1915	-1	0	277.216	1	0.870121	0	0	762297.0	120600.0	Spectral Match to 9,12-Octadecadiynoic Acid from NIST14 M+H	GNPS-NIST14-MATCHES	temp/spectra_filtered.mgf3128	-1	GNPS-NIST14-MATCHES.mgf	1.43112				8	0	0.000396729	277.216	0	CCMSLIB00003136402
195	spectra_filtered.mgf	*..*		:15389	33852	-1	0	759.198	1	0.869499	0	0	155.11	289600.0	3-[(2S,3R,4S,5R,6R)-4-[(2S,3R,4S,5S,6R)-4,5-dihydroxy-6-(hydroxymethyl)-3-[(2S,3R,4S,5R)-3,4,5-trihydroxyoxan-2-yl]oxyoxan-2-yl]oxy-3,5-dihydroxy-6-(hydroxymethyl)oxan-2-yl]oxy-2-(3,4-dihydroxyphenyl)-5,7-dihydroxychromen-4-one [M+H]+	MONA	temp/spectra_filtered.mgf195	-1	MONA.mgf	2.41183				9	0	0.00183105	759.2	0	CCMSLIB00004706452
72	spectra_filtered.mgf	*..*		:851	1295	-1	0	579.15	1	0.868819	0	0	604779.0	550300.0	Spectral Match to Procyanidin B2 from NIST14 M+H	GNPS-NIST14-MATCHES	temp/spectra_filtered.mgf72	-1	GNPS-NIST14-MATCHES.mgf	0.210775				13	0	0.00012207	579.15	0	CCMSLIB00003135781
1520	spectra_filtered.mgf	*..*		:1332	1461	-1	0	200.2	1	0.867014	0	0	6688.41	149100.0	Spectral Match to N-(Dodecanoyl)-sphing-4-enine-1-phosphate from NIST14 200.2	GNPS-NIST14-MATCHES	temp/spectra_filtered.mgf1520	-1	GNPS-NIST14-MATCHES.mgf	4.03954				6	0	0.000808716	200.201	0	CCMSLIB00003135948
2970	spectra_filtered.mgf	*..*		:4278	1887	-1	0	263.236	1	0.865736	0	0	285062.0	212600.0	Spectral Match to Conjugated linoleic Acid (10E,12Z) from NIST14 M+H-H2O	GNPS-NIST14-MATCHES	temp/spectra_filtered.mgf2970	-1	GNPS-NIST14-MATCHES.mgf	3.01424				9	0	0.000793457	263.237	0	CCMSLIB00003136374
1906	spectra_filtered.mgf	*..*		:457	4884	-1	0	448.218	1	0.865105	0	0	56525.0	1090000.0	NCGC00169796-02_C20H30O10_2-Phenylethyl 6-O-(6-deoxy-alpha-L-mannopyranosyl)-beta-D-glucopyranoside M+NH4	GNPS-NIH-NATURALPRODUCTSLIBRARY_ROUND2_POSITIVE	temp/spectra_filtered.mgf1906	-1	GNPS-NIH-NATURALPRODUCTSLIBRARY_ROUND2_POSITIVE.mgf	0.885124				10	0	0.000396729	448.218	0	CCMSLIB00000854299
6	spectra_filtered.mgf	*..*		:9781	28244	-1	0	496.202	1	0.86254	0	0	220.106	550900.0	(2R,3S,4S,5R,6S)-2-[[(2S,3R,4R)-3,4-dihydroxy-4-(hydroxymethyl)oxolan-2-yl]oxymethyl]-6-(3,4,5-trimethoxyphenoxy)oxane-3,4,5-triol [M+NH4]+	MONA	temp/spectra_filtered.mgf6	-1	MONA.mgf	1.59906				13	0	0.000793457	496.203	0	CCMSLIB00004700844
2066	spectra_filtered.mgf	*..*		:5953	5185	-1	0	334.295	1	0.862448	0	0	849.815	251000.0	9,10-Dihydroxystearic acid [M+NH4]+	CMMC-REFRAME-POSITIVE-LIBRARY	temp/spectra_filtered.mgf2066	-1	CMMC-REFRAME-POSITIVE-LIBRARY.mgf	0.821604				10	0	0.000274658	334.295	0	CCMSLIB00012252142
2423	spectra_filtered.mgf	*..*		:5152	1939	-1	0	263.237	1	0.861793	0	0	1382430.0	407800.0	Spectral Match to Conjugated linoleic Acid (10E,12Z) from NIST14 M+H-H2O	GNPS-NIST14-MATCHES	temp/spectra_filtered.mgf2423	-1	GNPS-NIST14-MATCHES.mgf	0.811524				9	0	0.000213623	263.237	0	CCMSLIB00003136426
877	spectra_filtered.mgf	*..*		:1050	46067	-1	0	595.166	1	0.861349	0	0	201.608	7480100.0	2-(3,4-dihydroxyphenyl)-5-hydroxy-3,7-bis[[(2S,3R,4R,5R,6S)-3,4,5-trihydroxy-6-methyloxan-2-yl]oxy]chromen-4-one [M+H]+	MONA	temp/spectra_filtered.mgf877	-1	MONA.mgf	2.25613				8	0	0.00134277	595.165	0	CCMSLIB00004718667
364	spectra_filtered.mgf	*..*		:16916	28915	-1	0	251.14	1	0.858584	0	0	5142.0	246300.0	Massbank:PR311112 Caffeoyl putrescin (isomer of 1059) M+H	MASSBANK	temp/spectra_filtered.mgf364	-1	MASSBANK.mgf	3.94928				6	0	0.000991821	251.139	0	CCMSLIB00005742467
2101	spectra_filtered.mgf	*..*		:13382	11627	-1	0	389.111	1	0.858443	0	0	435.389	219100.0	SCHEMBL3366650 [M-H2O+Na]+	CMMC-REFRAME-POSITIVE-LIBRARY	temp/spectra_filtered.mgf2101	-1	CMMC-REFRAME-POSITIVE-LIBRARY.mgf	1.80387				10	0	0.000701904	389.112	0	CCMSLIB00012265940
1395	spectra_filtered.mgf	*..*		:2997	3931	-1	0	353.269	1	0.856257	0	0	538621.0	1281900.0	Spectral Match to Monolinolenin (9c,12c,15c) from NIST14 M+H	GNPS-NIST14-MATCHES	temp/spectra_filtered.mgf1395	-1	GNPS-NIST14-MATCHES.mgf	1.20941				11	0	0.000427246	353.269	0	CCMSLIB00003138418
1467	spectra_filtered.mgf	*..*		:3567	2636	-1	0	380.28	1	0.854971	0	0	12373100.0	677800.0	Thr-C18:3 M+H	ECG-ACYL-AMIDES-C4-C24-LIBRARY	temp/spectra_filtered.mgf1467	-1	ECG-ACYL-AMIDES-C4-C24-LIBRARY.mgf	1.04325				7	0	0.000396729	380.28	0	CCMSLIB00011436131
512	spectra_filtered.mgf	*..*		:2796	236	-1	0	279.232	1	0.854925	0	0	942813.0	163100.0	Spectral Match to 9(10)-EpOME from NIST14 M+H-H2O	GNPS-NIST14-MATCHES	temp/spectra_filtered.mgf512	-1	GNPS-NIST14-MATCHES.mgf	0.327873				8	0	9.15527e-05	279.232	0	CCMSLIB00003134722
834	spectra_filtered.mgf	*..*		:691	49931	-1	0	193.071	1	0.85435	0	0	444.9	1258000.0	QUINIC ACID M+H	MONA	temp/spectra_filtered.mgf834	-1	MONA.mgf	190.072				7	0	0.0366974	193.034	0	CCMSLIB00006678961
2726	spectra_filtered.mgf	*..*		:30343	30343	-1	0	780.554	1	0.853536	0	0	149267.0	5440900.0	PC(16:1/20:4); [M+H]+ C44H79N1O8P1 M+H	PNNL-LIPIDS-POSITIVE	temp/spectra_filtered.mgf2726	-1	PNNL-LIPIDS-POSITIVE.mgf	1.79848				6	0	0.00140381	780.553	0	CCMSLIB00010101747
1696	spectra_filtered.mgf	*..*		:2044	2536	-1	0	277.216	1	0.853337	0	0	156922.0	460200.0	Spectral Match to 13-Keto-9Z,11E-octadecadienoic acid from NIST14 M+H-H2O	GNPS-NIST14-MATCHES	temp/spectra_filtered.mgf1696	-1	GNPS-NIST14-MATCHES.mgf	0.660516				8	0	0.000183105	277.216	0	CCMSLIB00003137023
2036	spectra_filtered.mgf	*..*		:199	4897	-1	0	198.097	1	0.852222	0	0	1175660.0	341900.0	Spectral Match to D-Fructose from NIST14 M+NH4	GNPS-NIST14-MATCHES	temp/spectra_filtered.mgf2036	-1	GNPS-NIST14-MATCHES.mgf	1.00135				8	0	0.000198364	198.097	0	CCMSLIB00003139384
895	spectra_filtered.mgf	*..*		:2196	10662	-1	0	756.551	1	0.8516	0	0	45870200.0	443500.0	PC-DAG (16:0/18:3) M+H	GNPS-LIBRARY	temp/spectra_filtered.mgf895	-1	GNPS-LIBRARY.mgf	3.9531				6	0	0.00299072	756.554	0	CCMSLIB00006678075
311	spectra_filtered.mgf	*..*		:514	4226	-1	0	392.228	1	0.851425	0	0	69527.0	193300.0	NCGC00380210-01_C18H30O8_Cyclopentaneacetic acid, 3-(hexopyranosyloxy)-2-[(2Z)-2-penten-1-yl]- M+NH4	GNPS-NIH-NATURALPRODUCTSLIBRARY_ROUND2_POSITIVE	temp/spectra_filtered.mgf311	-1	GNPS-NIH-NATURALPRODUCTSLIBRARY_ROUND2_POSITIVE.mgf	2.25637				9	0	0.00088501	392.227	0	CCMSLIB00000852973
3036	spectra_filtered.mgf	*..*		:5826	6272	-1	0	247.133	1	0.848119	0	0	10841900.0	77100.0	ABSCISIC ACID CollisionEnergy:102040 M+H-H2O	BERKELEY-LAB	temp/spectra_filtered.mgf3036	-1	BERKELEY-LAB.mgf	2.84019				10	0	0.000701904	247.132	0	CCMSLIB00010108260
192	spectra_filtered.mgf	*..*		:11231	11231	-1	0	518.325	1	0.847569	0	0	1577420.0	1917000.0	PC(18:3/0:0); [M+H]+ C26H49N1O7P1 M+H	PNNL-LIPIDS-POSITIVE	temp/spectra_filtered.mgf192	-1	PNNL-LIPIDS-POSITIVE.mgf	1.76632				6	0	0.000915527	518.324	0	CCMSLIB00010076311
2258	spectra_filtered.mgf	*..*		:1305	4498	-1	0	628.196	1	0.845828	0	0	26252800.0	389300.0	Contaminant vial septum ThermoFisher C5000-44B M+NH4	GNPS-LIBRARY	temp/spectra_filtered.mgf2258	-1	GNPS-LIBRARY.mgf	0.777275				14	0	0.000488281	628.195	0	CCMSLIB00005435823
1533	spectra_filtered.mgf	*..*		:4032	4707	-1	0	163.148	1	0.845034	0	0	582930.0	69500.0	Spectral Match to 3,5-Dimethyladamantan-1-amine from NIST14 M+H-NH3	GNPS-NIST14-MATCHES	temp/spectra_filtered.mgf1533	-1	GNPS-NIST14-MATCHES.mgf	223.063				6	0	0.0363922	163.112	0	CCMSLIB00003139194
133	spectra_filtered.mgf	*..*		:8650	9096	-1	0	611.161	1	0.844025	0	0	4525600.0	165200.0	Vitamin P CollisionEnergy:102040 M+H	BERKELEY-LAB	temp/spectra_filtered.mgf133	-1	BERKELEY-LAB.mgf	2.29695				6	0	0.00140381	611.16	0	CCMSLIB00010111084
3387	spectra_filtered.mgf	*..*		:441	3123	-1	0	464.213	1	0.842038	0	0	56245.0	1641100.0	NCGC00384804-01_C20H30O11_2-(4-Methoxyphenyl)ethyl 6-O-alpha-L-arabinopyranosyl-beta-D-glucopyranoside M+NH4	GNPS-NIH-NATURALPRODUCTSLIBRARY_ROUND2_POSITIVE	temp/spectra_filtered.mgf3387	-1	GNPS-NIH-NATURALPRODUCTSLIBRARY_ROUND2_POSITIVE.mgf	1.51203				11	0	0.000701904	464.212	0	CCMSLIB00000850342
2508	spectra_filtered.mgf	*..*		:438	5321	-1	0	464.176	1	0.841265	0	0	75993.0	1138200.0	NCGC00180731-02_C19H26O12_Methyl 2-{[6-O-(beta-D-xylopyranosyl)-beta-D-glucopyranosyl]oxy}benzoate M+NH4	GNPS-NIH-NATURALPRODUCTSLIBRARY_ROUND2_POSITIVE	temp/spectra_filtered.mgf2508	-1	GNPS-NIH-NATURALPRODUCTSLIBRARY_ROUND2_POSITIVE.mgf	0.394474				11	0	0.000183105	464.176	0	CCMSLIB00000855200
2493	spectra_filtered.mgf	*..*		:1081	46103	-1	0	581.15	1	0.84086	0	0	133.66	12138000.0	5,7-dihydroxy-2-(4-hydroxyphenyl)-3-[(2S,3R,4S,5S,6R)-3,4,5-trihydroxy-6-[[(2S,3R,4S,5S)-3,4,5-trihydroxyoxan-2-yl]oxymethyl]oxan-2-yl]oxychromen-4-one [M+H]+	MONA	temp/spectra_filtered.mgf2493	-1	MONA.mgf	0.525124				12	0	0.000305176	581.15	0	CCMSLIB00004718703
2212	spectra_filtered.mgf	*..*		:4032	4707	-1	0	163.148	1	0.83725	0	0	582930.0	68400.0	Spectral Match to 3,5-Dimethyladamantan-1-amine from NIST14 M+H-NH3	GNPS-NIST14-MATCHES	temp/spectra_filtered.mgf2212	-1	GNPS-NIST14-MATCHES.mgf	223.063				6	0	0.0363922	163.112	0	CCMSLIB00003139194
2115	spectra_filtered.mgf	*..*		:8185	26648	-1	0	700.281	1	0.833706	0	0	252.856	461000.0	2-[4-[(3S,3aR,6S,6aR)-6-[3-methoxy-4-[3,4,5-trihydroxy-6-(hydroxymethyl)oxan-2-yl]oxyphenyl]-1,3,3a,4,6,6a-hexahydrofuro[3,4-c]furan-3-yl]-2-methoxyphenoxy]-6-(hydroxymethyl)oxane-3,4,5-triol [M+NH4]+	MONA	temp/spectra_filtered.mgf2115	-1	MONA.mgf	1.30737				11	0	0.000915527	700.28	0	CCMSLIB00004699248
3506	spectra_filtered.mgf	*..*		:21638	33637	-1	0	520.341	1	0.833342	0	0	10417.0	2453600.0	Massbank:PR310844 LPC 18:2 M+H	MASSBANK	temp/spectra_filtered.mgf3506	-1	MASSBANK.mgf	0.938387				6	0	0.000488281	520.341	0	CCMSLIB00005747189
2546	spectra_filtered.mgf	*..*		:476	1753	-1	0	579.149	1	0.832115	0	0	238495.0	353400.0	Spectral Match to Procyanidin B2 from NIST14 M+H	GNPS-NIST14-MATCHES	temp/spectra_filtered.mgf2546	-1	GNPS-NIST14-MATCHES.mgf	1.37004				13	0	0.000793457	579.15	0	CCMSLIB00003136240
1590	spectra_filtered.mgf	*..*		:22892	34891	-1	0	265.155	1	0.831961	0	0	4907.0	549200.0	Massbank:PR311013 Feruloyl putrescine (isomer of 1173) M+H	MASSBANK	temp/spectra_filtered.mgf1590	-1	MASSBANK.mgf	1.49621				7	0	0.000396729	265.155	0	CCMSLIB00005748443
81	spectra_filtered.mgf	*..*		:2315	271	-1	0	277.215	1	0.830103	0	0	674372.0	607500.0	Spectral Match to 13-Keto-9Z,11E-octadecadienoic acid from NIST14 M+H-H2O	GNPS-NIST14-MATCHES	temp/spectra_filtered.mgf81	-1	GNPS-NIST14-MATCHES.mgf	4.29337				9	0	0.00119019	277.216	0	CCMSLIB00003134757
1870	spectra_filtered.mgf	*..*		:5950	5182	-1	0	281.247	1	0.829686	0	0	589.373	695300.0	9,10-Dihydroxystearic acid [M-2H2O+H]+	CMMC-REFRAME-POSITIVE-LIBRARY	temp/spectra_filtered.mgf1870	-1	CMMC-REFRAME-POSITIVE-LIBRARY.mgf	3.90629				8	0	0.00109863	281.248	0	CCMSLIB00012252139
2113	spectra_filtered.mgf	*..*		:22892	34891	-1	0	265.155	1	0.827584	0	0	4907.0	513400.0	Massbank:PR311013 Feruloyl putrescine (isomer of 1173) M+H	MASSBANK	temp/spectra_filtered.mgf2113	-1	MASSBANK.mgf	2.99243				7	0	0.000793457	265.154	0	CCMSLIB00005748443
2091	spectra_filtered.mgf	*..*		:14138	12287	-1	0	384.349	1	0.827097	0	0	231.278	133900.0	99207-33-7 [2M-H2O+NH4]+	CMMC-REFRAME-POSITIVE-LIBRARY	temp/spectra_filtered.mgf2091	-1	CMMC-REFRAME-POSITIVE-LIBRARY.mgf	4.44644				6	0	0.00170898	384.347	0	CCMSLIB00012266600
455	spectra_filtered.mgf	*..*		:399	3000	-1	0	361.089	1	0.826913	0	0	13898.0	204500.0	NCGC00384821-01_C16H18O8_Cyclohexanecarboxylic acid, 1,3,4-trihydroxy-5-[[(2E)-3-(4-hydroxyphenyl)-1-oxo-2-propen-1-yl]oxy]-, (1R,3R,4S,5R)- M+Na	GNPS-NIH-NATURALPRODUCTSLIBRARY_ROUND2_POSITIVE	temp/spectra_filtered.mgf455	-1	GNPS-NIH-NATURALPRODUCTSLIBRARY_ROUND2_POSITIVE.mgf	0.338062				7	0	0.00012207	361.089	0	CCMSLIB00000849957
2338	spectra_filtered.mgf	*..*		:3846	93	-1	0	335.258	1	0.826552	0	0	438607.0	431600.0	Spectral Match to Monolinolenin (9c,12c,15c) from NIST14 M+H-H2O	GNPS-NIST14-MATCHES	temp/spectra_filtered.mgf2338	-1	GNPS-NIST14-MATCHES.mgf	0.910271				10	0	0.000305176	335.258	0	CCMSLIB00003134579
230	spectra_filtered.mgf	*..*		:17411	17411	-1	0	704.523	1	0.82636	0	0	218656.0	3014300.0	PC(14:0/16:1); [M+H]+ C38H75N1O8P1 M+H	PNNL-LIPIDS-POSITIVE	temp/spectra_filtered.mgf230	-1	PNNL-LIPIDS-POSITIVE.mgf	104.653				6	0	0.0737305	704.449	0	CCMSLIB00010088815
761	spectra_filtered.mgf	*..*		:1578	1576	-1	0	609.179	1	0.826012	0	0	226.0	380200.0	ReSpect:PM018134 Isorhamnetin-3,7-dirhamnoside [M+H]	RESPECT	temp/spectra_filtered.mgf761	-1	RESPECT.mgf	3.90751				6	0	0.00238037	609.181	0	CCMSLIB00000211852
947	spectra_filtered.mgf	*..*		:3552	3505	-1	0	295.227	1	0.825516	0	0	744916.0	174200.0	Spectral Match to 13-Keto-9Z,11E-octadecadienoic acid from NIST14 M+H	GNPS-NIST14-MATCHES	temp/spectra_filtered.mgf947	-1	GNPS-NIST14-MATCHES.mgf	0.930329				10	0	0.000274658	295.227	0	CCMSLIB00003137992
2191	spectra_filtered.mgf	*..*		:43782	55780	-1	0	287.055	1	0.824888	0	0	20494.6	87500.0	Massbank:NA003014 Kaempferol|3,5,7-trihydroxy-2-(4-hydroxyphenyl)chromen-4-one M+H	MASSBANK	temp/spectra_filtered.mgf2191	-1	MASSBANK.mgf	1.701				8	0	0.000488281	287.055	0	CCMSLIB00005769333
1989	spectra_filtered.mgf	*..*		:2796	236	-1	0	279.232	1	0.822649	0	0	942813.0	5598000.0	Spectral Match to 9(10)-EpOME from NIST14 M+H-H2O	GNPS-NIST14-MATCHES	temp/spectra_filtered.mgf1989	-1	GNPS-NIST14-MATCHES.mgf	0.327873				8	0	9.15527e-05	279.232	0	CCMSLIB00003134722
2977	spectra_filtered.mgf	*..*		:1281	5310	-1	0	522.356	1	0.822358	0	0	68129.0	629300.0	Spectral Match to 1-(9Z-Octadecenoyl)-sn-glycero-3-phosphocholine from NIST14 M+H	GNPS-NIST14-MATCHES	temp/spectra_filtered.mgf2977	-1	GNPS-NIST14-MATCHES.mgf	1.98638				6	0	0.0010376	522.355	0	CCMSLIB00003139797
672	spectra_filtered.mgf	*..*		:5174	5174	-1	0	281.247	1	0.822114	0	0	716.361	335500.0	MoNA:790553 Linoleic acid M+H	MONA	temp/spectra_filtered.mgf672	-1	MONA.mgf	2.49569				11	0	0.000701904	281.248	0	CCMSLIB00000567923
3271	spectra_filtered.mgf	*..*		:438	5321	-1	0	464.176	1	0.822033	0	0	75993.0	15659200.0	NCGC00180731-02_C19H26O12_Methyl 2-{[6-O-(beta-D-xylopyranosyl)-beta-D-glucopyranosyl]oxy}benzoate M+NH4	GNPS-NIH-NATURALPRODUCTSLIBRARY_ROUND2_POSITIVE	temp/spectra_filtered.mgf3271	-1	GNPS-NIH-NATURALPRODUCTSLIBRARY_ROUND2_POSITIVE.mgf	1.11768				11	0	0.000518799	464.177	0	CCMSLIB00000855200
3353	spectra_filtered.mgf	*..*		:4278	1887	-1	0	263.236	1	0.821638	0	0	285062.0	255400.0	Spectral Match to Conjugated linoleic Acid (10E,12Z) from NIST14 M+H-H2O	GNPS-NIST14-MATCHES	temp/spectra_filtered.mgf3353	-1	GNPS-NIST14-MATCHES.mgf	2.31865				7	0	0.000610352	263.237	0	CCMSLIB00003136374
608	spectra_filtered.mgf	*..*		:380	4668	-1	0	437.144	1	0.820859	0	0	620364.0	228200.0	NCGC00384633-01_C21H24O10_(2S,3R)-3,5-Dihydroxy-2-(4-hydroxyphenyl)-3,4-dihydro-2H-chromen-7-yl beta-D-threo-hexopyranoside M+H	GNPS-NIH-NATURALPRODUCTSLIBRARY_ROUND2_POSITIVE	temp/spectra_filtered.mgf608	-1	GNPS-NIH-NATURALPRODUCTSLIBRARY_ROUND2_POSITIVE.mgf	2.23396				6	0	0.000976562	437.145	0	CCMSLIB00000853861
40	spectra_filtered.mgf	*..*		:20185	20185	-1	0	518.325	1	0.81951	0	0	2335090.0	660200.0	PC(18:3/0:0); [M+H]+ C26H49N1O7P1 M+H	PNNL-LIPIDS-POSITIVE	temp/spectra_filtered.mgf40	-1	PNNL-LIPIDS-POSITIVE.mgf	1.76632				6	0	0.000915527	518.324	0	CCMSLIB00010091589
1409	spectra_filtered.mgf	*..*		:38	692	-1	0	308.091	1	0.813678	0	0	2982180.0	447800.0	GLUTATHIONE REDUCED M+H	GNPS-MSMLS	temp/spectra_filtered.mgf1409	-1	GNPS-MSMLS.mgf	0.990538				11	0	0.000305176	308.091	0	CCMSLIB00005464443
2606	spectra_filtered.mgf	*..*		:2076	2042	-1	0	135.117	1	0.811054	0	0	57276.0	96000.0	Spectral Match to (-)-Carveol from NIST14 M+H-H2O	GNPS-NIST14-MATCHES	temp/spectra_filtered.mgf2606	-1	GNPS-NIST14-MATCHES.mgf	269.451				6	0	0.0364075	135.081	0	CCMSLIB00003136529
1868	spectra_filtered.mgf	*..*		:16794	4600	-1	0	263.184	1	0.808835	0	0	3689.0	125700.0	Talaromycin A M+CH3OH+H	GNPS-LIBRARY	temp/spectra_filtered.mgf1868	-1	GNPS-LIBRARY.mgf	201.762				9	0	0.0531006	263.237	0	CCMSLIB00005436020
428	spectra_filtered.mgf	*..*		:16794	4600	-1	0	263.184	1	0.808835	0	0	3689.0	125700.0	Talaromycin A M+CH3OH+H	GNPS-LIBRARY	temp/spectra_filtered.mgf428	-1	GNPS-LIBRARY.mgf	201.414				9	0	0.053009	263.237	0	CCMSLIB00005436020
2264	spectra_filtered.mgf	*..*		:14900	12940	-1	0	554.172	1	0.808703	0	0	507.433	335200.0	Ecamsule [2M-H2O+2H]+2	CMMC-REFRAME-POSITIVE-LIBRARY	temp/spectra_filtered.mgf2264	-1	CMMC-REFRAME-POSITIVE-LIBRARY.mgf	7.59949				10	0	0.00421143	554.176	0	CCMSLIB00012267253
178	spectra_filtered.mgf	*..*		:14440	14886	-1	0	290.175	1	0.808514	0	0	18774900.0	703500.0	L-Hyoscyamine CollisionEnergy:205060 M+H	BERKELEY-LAB	temp/spectra_filtered.mgf178	-1	BERKELEY-LAB.mgf	10.9376				6	0	0.00317383	290.172	0	CCMSLIB00010116874
759	spectra_filtered.mgf	*..*		:27581	27581	-1	0	796.586	1	0.808065	0	0	1105740.0	407500.0	PC(17:0/20:4); [M+H]+ C45H83N1O8P1 M+H	PNNL-LIPIDS-POSITIVE	temp/spectra_filtered.mgf759	-1	PNNL-LIPIDS-POSITIVE.mgf	49.5737				6	0	0.0394897	796.547	0	CCMSLIB00010098985
2611	spectra_filtered.mgf	*..*		:27581	27581	-1	0	796.586	1	0.808065	0	0	1105740.0	407500.0	PC(17:0/20:4); [M+H]+ C45H83N1O8P1 M+H	PNNL-LIPIDS-POSITIVE	temp/spectra_filtered.mgf2611	-1	PNNL-LIPIDS-POSITIVE.mgf	51.1828				6	0	0.0407715	796.545	0	CCMSLIB00010098985
3082	spectra_filtered.mgf	*..*		:2796	236	-1	0	279.232	1	0.807932	0	0	942813.0	263600.0	Spectral Match to 9(10)-EpOME from NIST14 M+H-H2O	GNPS-NIST14-MATCHES	temp/spectra_filtered.mgf3082	-1	GNPS-NIST14-MATCHES.mgf	0.655747				9	0	0.000183105	279.232	0	CCMSLIB00003134722
1063	spectra_filtered.mgf	*..*		:237	6657	-1	0	442.265	1	0.806807	0	0	546600.0	133100.0	NCGC00384922-01!(2R,3R,4S,5S,6R)-2-octoxy-6-[[(2S,3R,4S,5R)-3,4,5-trihydroxyoxan-2-yl]oxymethyl]oxane-3,4,5-triol [IIN-based: Match] [M+NH4]+	GNPS-NIH-NATURALPRODUCTSLIBRARY_ROUND2_POSITIVE	temp/spectra_filtered.mgf1063	-1	GNPS-NIH-NATURALPRODUCTSLIBRARY_ROUND2_POSITIVE.mgf	0.690029				8	0	0.000305176	442.265	0	CCMSLIB00005721953
3410	spectra_filtered.mgf	*..*		:3975	5202	-1	0	454.293	1	0.806485	0	0	5025040.0	127800.0	Spectral Match to 1-Palmitoyl-2-hydroxy-sn-glycero-3-phosphoethanolamine from NIST14 M+H	GNPS-NIST14-MATCHES	temp/spectra_filtered.mgf3410	-1	GNPS-NIST14-MATCHES.mgf	0.873288				8	0	0.000396729	454.293	0	CCMSLIB00003139689
1231	spectra_filtered.mgf	*..*		:11086	29549	-1	0	318.155	1	0.800918	0	0	297.609	78000.0	Salidroside [M+NH4]+	MONA	temp/spectra_filtered.mgf1231	-1	MONA.mgf	1.91841				8	0	0.000610352	318.154	0	CCMSLIB00004702149
1288	spectra_filtered.mgf	*..*		:112	280	-1	0	867.213	1	0.797993	0	0	921.0	1507300.0	Procyanidin C1 40eV M+H	PHENOLICSDB	temp/spectra_filtered.mgf1288	-1	PHENOLICSDB.mgf	0.0				17	0	0.0	867.213	0	CCMSLIB00012079701
3055	spectra_filtered.mgf	*..*		:2296	2928	-1	0	247.199	1	0.79797	0	0	7000.0	458700.0	Spectral Match to 5(Z),8(Z),11(Z)-Eicosatrienoic acid methyl ester from NIST14 247.2	GNPS-NIST14-MATCHES	temp/spectra_filtered.mgf3055	-1	GNPS-NIST14-MATCHES.mgf	175.119				8	0	0.0432892	247.242	0	CCMSLIB00003137415
2648	spectra_filtered.mgf	*..*		:2296	2928	-1	0	247.199	1	0.79797	0	0	7000.0	458700.0	Spectral Match to 5(Z),8(Z),11(Z)-Eicosatrienoic acid methyl ester from NIST14 247.2	GNPS-NIST14-MATCHES	temp/spectra_filtered.mgf2648	-1	GNPS-NIST14-MATCHES.mgf	175.119				8	0	0.0432892	247.242	0	CCMSLIB00003137415
2311	spectra_filtered.mgf	*..*		:13869	12046	-1	0	463.13	1	0.794051	0	0	476.447	312700.0	CHEMBL3787155 [M-2H2O+H]+	CMMC-REFRAME-POSITIVE-LIBRARY	temp/spectra_filtered.mgf2311	-1	CMMC-REFRAME-POSITIVE-LIBRARY.mgf	0.658942				12	0	0.000305176	463.13	0	CCMSLIB00012266359
2658	spectra_filtered.mgf	*..*		:826	4173	-1	0	532.348	1	0.793455	0	0	118460.0	1124100.0	NCGC00380867-01_C27H46O9_9,12,15-Octadecatrienoic acid, 3-(hexopyranosyloxy)-2-hydroxypropyl ester, (9Z,12Z,15Z)- M+NH4	GNPS-NIH-NATURALPRODUCTSLIBRARY_ROUND2_POSITIVE	temp/spectra_filtered.mgf2658	-1	GNPS-NIH-NATURALPRODUCTSLIBRARY_ROUND2_POSITIVE.mgf	0.114653				13	0	6.10352e-05	532.348	0	CCMSLIB00000852864
2477	spectra_filtered.mgf	*..*		:4018	4018	-1	0	285.221	1	0.792646	0	0	122494000.0	142000.0	all-trans-retinal - 40.0 eV M+H	BIRMINGHAM-UHPLC-MS-POS	temp/spectra_filtered.mgf2477	-1	BIRMINGHAM-UHPLC-MS-POS.mgf	0.748974				9	0	0.000213623	285.221	0	CCMSLIB00006119457
452	spectra_filtered.mgf	*..*		:4018	4018	-1	0	285.221	1	0.792646	0	0	122494000.0	142000.0	all-trans-retinal - 40.0 eV M+H	BIRMINGHAM-UHPLC-MS-POS	temp/spectra_filtered.mgf452	-1	BIRMINGHAM-UHPLC-MS-POS.mgf	0.320989				9	0	9.15527e-05	285.221	0	CCMSLIB00006119457
3545	spectra_filtered.mgf	*..*		:23776	42239	-1	0	346.186	1	0.790544	0	0	188.282	594400.0	(2S,3R,4S,5S,6R)-2-[4-(3-hydroxybutyl)phenoxy]-6-(hydroxymethyl)oxane-3,4,5-triol [M+NH4]+	MONA	temp/spectra_filtered.mgf3545	-1	MONA.mgf	106.049				8	0	0.0367126	346.149	0	CCMSLIB00004714839
1360	spectra_filtered.mgf	*..*		:3732	2665	-1	0	348.326	1	0.789273	0	0	5139150.0	539000.0	amylamine-C18:3 M+H	ECG-ACYL-AMIDES-C4-C24-LIBRARY	temp/spectra_filtered.mgf1360	-1	ECG-ACYL-AMIDES-C4-C24-LIBRARY.mgf	0.262836				6	0	9.15527e-05	348.326	0	CCMSLIB00011436162
2180	spectra_filtered.mgf	*..*		:1018	937	-1	0	255.157	1	0.784642	0	0	1377020.0	254100.0	acetic_acid_isobutyl_ester 2M+Na	GNPS-NUTRI-METAB-FEM-POS	temp/spectra_filtered.mgf2180	-1	GNPS-NUTRI-METAB-FEM-POS.mgf	7.83401				6	0	0.0019989	255.159	0	CCMSLIB00006673889
3130	spectra_filtered.mgf	*..*		:3730	5685	-1	0	335.258	1	0.781627	0	0	262535.0	54800.0	Spectral Match to Monolinolenin (9c,12c,15c) from NIST14 M+H-H2O	GNPS-NIST14-MATCHES	temp/spectra_filtered.mgf3130	-1	GNPS-NIST14-MATCHES.mgf	0.0				6	0	0.0	335.258	0	CCMSLIB00003140172
2125	spectra_filtered.mgf	*..*		:93	84	-1	0	480.162	1	0.779786	0	0	464.45	116400.0	Tebipenem pivoxil [M-H2O+H]+	CMMC-REFRAME-POSITIVE-LIBRARY	temp/spectra_filtered.mgf2125	-1	CMMC-REFRAME-POSITIVE-LIBRARY.mgf	9.53353				10	0	0.00457764	480.157	0	CCMSLIB00012247041
2100	spectra_filtered.mgf	*..*		:3565	3107	-1	0	445.118	1	0.779481	0	0	291.466	289200.0	Lorlatinib [M+K]+	CMMC-REFRAME-POSITIVE-LIBRARY	temp/spectra_filtered.mgf2100	-1	CMMC-REFRAME-POSITIVE-LIBRARY.mgf	4.66212				8	0	0.0020752	445.12	0	CCMSLIB00012250064
2075	spectra_filtered.mgf	*..*		:5152	1939	-1	0	263.237	1	0.778802	0	0	1382430.0	228500.0	Spectral Match to Conjugated linoleic Acid (10E,12Z) from NIST14 M+H-H2O	GNPS-NIST14-MATCHES	temp/spectra_filtered.mgf2075	-1	GNPS-NIST14-MATCHES.mgf	0.0				7	0	0.0	263.237	0	CCMSLIB00003136426
392	spectra_filtered.mgf	*..*		:381	18844	-1	0	290.175	1	0.777059	0	0	259.584	1105100.0	Atropine [M+H]+	MONA	temp/spectra_filtered.mgf392	-1	MONA.mgf	126.729				6	0	0.0367737	290.138	0	CCMSLIB00004691444
1774	spectra_filtered.mgf	*..*		:15022	27021	-1	0	535.109	1	0.775221	0	0	24734.0	273100.0	Massbank:PR310958 Flavone base + 4O, O-MalonylHex M+H	MASSBANK	temp/spectra_filtered.mgf1774	-1	MASSBANK.mgf	2.28122				7	0	0.0012207	535.108	0	CCMSLIB00005740573
1244	spectra_filtered.mgf	*..*		:940	45940	-1	0	597.145	1	0.774821	0	0	130.333	751600.0	2-(3,4-dihydroxyphenyl)-5,7-dihydroxy-3-[(2S,3R,4S,5S,6R)-3,4,5-trihydroxy-6-[[(2S,3R,4S,5R)-3,4,5-trihydroxyoxan-2-yl]oxymethyl]oxan-2-yl]oxychromen-4-one [M+H]+	MONA	temp/spectra_filtered.mgf1244	-1	MONA.mgf	0.204423				9	0	0.00012207	597.145	0	CCMSLIB00004718540
3154	spectra_filtered.mgf	*..*		:8023	8023	-1	0	696.541	1	0.771172	0	0	1882110.0	920700.0	GalCer(d18:2/16:1); [M+H]+ C40H74N1O8 M+H	PNNL-LIPIDS-POSITIVE	temp/spectra_filtered.mgf3154	-1	PNNL-LIPIDS-POSITIVE.mgf	1.48964				9	0	0.0010376	696.54	0	CCMSLIB00010069523
3310	spectra_filtered.mgf	*..*		:8023	8023	-1	0	696.541	1	0.771172	0	0	1882110.0	920700.0	GalCer(d18:2/16:1); [M+H]+ C40H74N1O8 M+H	PNNL-LIPIDS-POSITIVE	temp/spectra_filtered.mgf3310	-1	PNNL-LIPIDS-POSITIVE.mgf	1.13914				9	0	0.000793457	696.54	0	CCMSLIB00010069523
2378	spectra_filtered.mgf	*..*		:1149	50389	-1	0	160.133	1	0.768861	0	0	193.4	2389000.0	8-AMINOOCTANOIC ACID M+H	MONA	temp/spectra_filtered.mgf2378	-1	MONA.mgf	470.819				6	0	0.0753937	160.058	0	CCMSLIB00006679419
2111	spectra_filtered.mgf	*..*		:5952	5184	-1	0	317.269	1	0.76622	0	0	531.956	264300.0	9,10-Dihydroxystearic acid [M+H]+	CMMC-REFRAME-POSITIVE-LIBRARY	temp/spectra_filtered.mgf2111	-1	CMMC-REFRAME-POSITIVE-LIBRARY.mgf	0.0				7	0	0.0	317.269	0	CCMSLIB00012252141
2807	spectra_filtered.mgf	*..*		:399	3000	-1	0	361.089	1	0.765018	0	0	13898.0	258200.0	NCGC00384821-01_C16H18O8_Cyclohexanecarboxylic acid, 1,3,4-trihydroxy-5-[[(2E)-3-(4-hydroxyphenyl)-1-oxo-2-propen-1-yl]oxy]-, (1R,3R,4S,5R)- M+Na	GNPS-NIH-NATURALPRODUCTSLIBRARY_ROUND2_POSITIVE	temp/spectra_filtered.mgf2807	-1	GNPS-NIH-NATURALPRODUCTSLIBRARY_ROUND2_POSITIVE.mgf	0.507092				7	0	0.000183105	361.089	0	CCMSLIB00000849957
85	spectra_filtered.mgf	*..*		:4424	22887	-1	0	453.349	1	0.763322	0	0	632.801	167500.0	gamma-sitosterol [M+K]+	MONA	temp/spectra_filtered.mgf85	-1	MONA.mgf	20.7333				8	0	0.00939941	453.358	0	CCMSLIB00004695487
724	spectra_filtered.mgf	*..*		:2446	6916	-1	0	315.254	1	0.75948	0	0	57400.0	289500.0	NCGC00381425-01!8-hydroxy-8-(3-octyloxiran-2-yl)octanoic acid [IIN-based on: CCMSLIB00000846585] [M+H]+	GNPS-NIH-NATURALPRODUCTSLIBRARY_ROUND2_POSITIVE	temp/spectra_filtered.mgf724	-1	GNPS-NIH-NATURALPRODUCTSLIBRARY_ROUND2_POSITIVE.mgf	2.80729				9	0	0.00088501	315.253	0	CCMSLIB00005722212
2420	spectra_filtered.mgf	*..*		:112	280	-1	0	867.213	1	0.757709	0	0	921.0	484900.0	Procyanidin C1 40eV M+H	PHENOLICSDB	temp/spectra_filtered.mgf2420	-1	PHENOLICSDB.mgf	3.02638				13	0	0.00262451	867.21	0	CCMSLIB00012079701
1810	spectra_filtered.mgf	*..*		:5001	1826	-1	0	613.483	1	0.757175	0	0	1879820.0	409500.0	Spectral Match to Dilinolenin (9c,12c,15c) from NIST14 M+H	GNPS-NIST14-MATCHES	temp/spectra_filtered.mgf1810	-1	GNPS-NIST14-MATCHES.mgf	0.397958				10	0	0.000244141	613.483	0	CCMSLIB00003136313
565	spectra_filtered.mgf	*..*		:826	4173	-1	0	532.348	1	0.757122	0	0	118460.0	290400.0	NCGC00380867-01_C27H46O9_9,12,15-Octadecatrienoic acid, 3-(hexopyranosyloxy)-2-hydroxypropyl ester, (9Z,12Z,15Z)- M+NH4	GNPS-NIH-NATURALPRODUCTSLIBRARY_ROUND2_POSITIVE	temp/spectra_filtered.mgf565	-1	GNPS-NIH-NATURALPRODUCTSLIBRARY_ROUND2_POSITIVE.mgf	0.687916				12	0	0.000366211	532.348	0	CCMSLIB00000852864
1837	spectra_filtered.mgf	*..*		:4032	4707	-1	0	163.148	1	0.756732	0	0	582930.0	156700.0	Spectral Match to 3,5-Dimethyladamantan-1-amine from NIST14 M+H-NH3	GNPS-NIST14-MATCHES	temp/spectra_filtered.mgf1837	-1	GNPS-NIST14-MATCHES.mgf	222.501				6	0	0.0363007	163.112	0	CCMSLIB00003139194
2914	spectra_filtered.mgf	*..*		:5495	23958	-1	0	369.118	1	0.755015	0	0	193.578	1644300.0	methyl chlorogenate [M+H]+	MONA	temp/spectra_filtered.mgf2914	-1	MONA.mgf	0.248031				7	0	9.15527e-05	369.118	0	CCMSLIB00004696558
1245	spectra_filtered.mgf	*..*		:266	2223	-1	0	743.203	1	0.754266	0	0	238201.0	3440700.0	NCGC00385414-01!3-[(2S,3R,4S,5R,6R)-4-[(2S,3R,4S,5S,6R)-4,5-dihydroxy-6-(hydroxymethyl)-3-[(2S,3R,4S,5R)-3,4,5-trihydroxyoxan-2-yl]oxyoxan-2-yl]oxy-3,5-dihydroxy-6-(hydroxymethyl)oxan-2-yl]oxy-5,7-dihydroxy-2-(4-hydroxyphenyl)chromen-4-one M+H	GNPS-NIH-NATURALPRODUCTSLIBRARY_ROUND2_POSITIVE	temp/spectra_filtered.mgf1245	-1	GNPS-NIH-NATURALPRODUCTSLIBRARY_ROUND2_POSITIVE.mgf	0.656996				13	0	0.000488281	743.203	0	CCMSLIB00000848536
2844	spectra_filtered.mgf	*..*		:14806	12854	-1	0	377.083	1	0.754044	0	0	25.85	111200.0	PD162935 [M-H2O+Na]+	CMMC-REFRAME-POSITIVE-LIBRARY	temp/spectra_filtered.mgf2844	-1	CMMC-REFRAME-POSITIVE-LIBRARY.mgf	3.1563				6	0	0.00119019	377.084	0	CCMSLIB00012267167
3018	spectra_filtered.mgf	*..*		:1654	1797	-1	0	243.211	1	0.753792	0	0	58298.0	227300.0	Spectral Match to 9(10)-EpOME from NIST14 243.2	GNPS-NIST14-MATCHES	temp/spectra_filtered.mgf3018	-1	GNPS-NIST14-MATCHES.mgf	2.44682				8	0	0.000595093	243.21	0	CCMSLIB00003136284
2461	spectra_filtered.mgf	*..*		:3830	1054	-1	0	295.226	1	0.752814	0	0	10363500.0	205400.0	Spectral Match to 9-Oxo-10E,12Z-octadecadienoic acid from NIST14 M+H	GNPS-NIST14-MATCHES	temp/spectra_filtered.mgf2461	-1	GNPS-NIST14-MATCHES.mgf	2.37752				11	0	0.000701904	295.227	0	CCMSLIB00003135540
2176	spectra_filtered.mgf	*..*		:1892	3370	-1	0	583.255	2	0.751506	0	0	2472040.0	182200.0	Spectral Match to Biliverdin from NIST14 M+H	GNPS-NIST14-MATCHES	temp/spectra_filtered.mgf2176	-1	GNPS-NIST14-MATCHES.mgf	0.627874				6	0	582.248	583.255	0	CCMSLIB00003137857
987	spectra_filtered.mgf	*..*		:3349	3094	-1	0	297.242	1	0.751248	0	0	1960160.0	2137000.0	Spectral Match to 9(10)-EpOME from NIST14 M+H	GNPS-NIST14-MATCHES	temp/spectra_filtered.mgf987	-1	GNPS-NIST14-MATCHES.mgf	0.616015				9	0	0.000183105	297.242	0	CCMSLIB00003137581
3417	spectra_filtered.mgf	*..*		:2984	54107	-1	0	153.055	1	0.750638	0	0	267.1	2547000.0	3-METHYLSALICYLIC ACID M+H	MONA	temp/spectra_filtered.mgf3417	-1	MONA.mgf	1.8942				6	0	0.000289917	153.055	0	CCMSLIB00006683137
968	spectra_filtered.mgf	*..*		:2206	447	-1	0	315.252	1	0.748883	0	0	281963.0	56700.0	Spectral Match to 12,13-DiHOME from NIST14 M+H	GNPS-NIST14-MATCHES	temp/spectra_filtered.mgf968	-1	GNPS-NIST14-MATCHES.mgf	3.09772				6	0	0.000976562	315.253	0	CCMSLIB00003134933
3343	spectra_filtered.mgf	*..*		:2483	6924	-1	0	261.222	1	0.747971	0	0	172200.0	423900.0	NCGC00381425-01!8-hydroxy-8-(3-octyloxiran-2-yl)octanoic acid [IIN-based on: CCMSLIB00000846585] [M-3H2O+H]+	GNPS-NIH-NATURALPRODUCTSLIBRARY_ROUND2_POSITIVE	temp/spectra_filtered.mgf3343	-1	GNPS-NIH-NATURALPRODUCTSLIBRARY_ROUND2_POSITIVE.mgf	3.38796				10	0	0.00088501	261.221	0	CCMSLIB00005722220
2715	spectra_filtered.mgf	*..*		:2483	6924	-1	0	261.222	1	0.747092	0	0	172200.0	84400.0	NCGC00381425-01!8-hydroxy-8-(3-octyloxiran-2-yl)octanoic acid [IIN-based on: CCMSLIB00000846585] [M-3H2O+H]+	GNPS-NIH-NATURALPRODUCTSLIBRARY_ROUND2_POSITIVE	temp/spectra_filtered.mgf2715	-1	GNPS-NIH-NATURALPRODUCTSLIBRARY_ROUND2_POSITIVE.mgf	3.03748				9	0	0.000793457	261.221	0	CCMSLIB00005722220
845	spectra_filtered.mgf	*..*		:22913	22913	-1	0	536.372	1	0.744025	0	0	92288.5	331900.0	PC(19:1/0:0); [M+H]+ C27H55N1O7P1 M+H	PNNL-LIPIDS-POSITIVE	temp/spectra_filtered.mgf845	-1	PNNL-LIPIDS-POSITIVE.mgf	4.89308				6	0	0.00262451	536.369	0	CCMSLIB00010094317
463	spectra_filtered.mgf	*..*		:6910	25373	-1	0	364.197	1	0.743316	0	0	215.718	117200.0	[(2S,3R,4S,5S,6R)-3,4,5-trihydroxy-6-(hydroxymethyl)oxan-2-yl] (2E,6E)-8-hydroxy-2,6-dimethylocta-2,6-dienoate [M+NH4]+	MONA	temp/spectra_filtered.mgf463	-1	MONA.mgf	2.43003				6	0	0.00088501	364.196	0	CCMSLIB00004697973
977	spectra_filtered.mgf	*..*		:6556	1129	-1	0	295.227	1	0.740591	0	0	748856.0	275300.0	Spectral Match to 9-Oxo-10E,12Z-octadecadienoic acid from NIST14 M+H	GNPS-NIST14-MATCHES	temp/spectra_filtered.mgf977	-1	GNPS-NIST14-MATCHES.mgf	1.65392				11	0	0.000488281	295.227	0	CCMSLIB00003135615
919	spectra_filtered.mgf	*..*		:8020	26483	-1	0	434.202	1	0.740467	0	0	433.97	89800.0	(2S,3R,4S,5R)-2-[(2R,3R,4S,5S,6R)-4,5-dihydroxy-6-(hydroxymethyl)-2-(2-phenylethoxy)oxan-3-yl]oxyoxane-3,4,5-triol [M+NH4]+	MONA	temp/spectra_filtered.mgf919	-1	MONA.mgf	0.210853				7	0	9.15527e-05	434.202	0	CCMSLIB00004699083
3176	spectra_filtered.mgf	*..*		:3574	127	-1	0	245.174	1	0.739486	0	0	485606.0	1296100.0	Spectral Match to Diethyl azelate from NIST14 M+H	GNPS-NIST14-MATCHES	temp/spectra_filtered.mgf3176	-1	GNPS-NIST14-MATCHES.mgf	145.198				7	0	0.0355988	245.138	0	CCMSLIB00003134613
544	spectra_filtered.mgf	*..*		:826	4173	-1	0	532.348	1	0.739153	0	0	118460.0	665300.0	NCGC00380867-01_C27H46O9_9,12,15-Octadecatrienoic acid, 3-(hexopyranosyloxy)-2-hydroxypropyl ester, (9Z,12Z,15Z)- M+NH4	GNPS-NIH-NATURALPRODUCTSLIBRARY_ROUND2_POSITIVE	temp/spectra_filtered.mgf544	-1	GNPS-NIH-NATURALPRODUCTSLIBRARY_ROUND2_POSITIVE.mgf	0.114653				11	0	6.10352e-05	532.348	0	CCMSLIB00000852864
1991	spectra_filtered.mgf	*..*		:7000	25463	-1	0	480.208	1	0.739115	0	0	336.44	817500.0	(2S,3R,4R,5R,6S)-2-[(2R,3R,4S,5R,6R)-2-[2-(3,4-dihydroxyphenyl)ethoxy]-3,5-dihydroxy-6-(hydroxymethyl)oxan-4-yl]oxy-6-methyloxane-3,4,5-triol [M+NH4]+	MONA	temp/spectra_filtered.mgf1991	-1	MONA.mgf	76.6422				7	0	0.0368042	480.171	0	CCMSLIB00004698063
1419	spectra_filtered.mgf	*..*		:800	5642	-1	0	275.2	1	0.738351	0	0	107200.0	183700.0	NCGC00386020-01_C18H28O3_8-{(1S,5R)-4-Oxo-5-[(2Z)-2-penten-1-yl]-2-cyclopenten-1-yl}octanoic acid M-H2O+H	GNPS-NIH-NATURALPRODUCTSLIBRARY_ROUND2_POSITIVE	temp/spectra_filtered.mgf1419	-1	GNPS-NIH-NATURALPRODUCTSLIBRARY_ROUND2_POSITIVE.mgf	2.10695				12	0	0.000579834	275.201	0	CCMSLIB00000855852
2407	spectra_filtered.mgf	*..*		:800	5642	-1	0	275.2	1	0.738351	0	0	107200.0	183700.0	NCGC00386020-01_C18H28O3_8-{(1S,5R)-4-Oxo-5-[(2Z)-2-penten-1-yl]-2-cyclopenten-1-yl}octanoic acid M-H2O+H	GNPS-NIH-NATURALPRODUCTSLIBRARY_ROUND2_POSITIVE	temp/spectra_filtered.mgf2407	-1	GNPS-NIH-NATURALPRODUCTSLIBRARY_ROUND2_POSITIVE.mgf	1.55249				12	0	0.000427246	275.2	0	CCMSLIB00000855852
2794	spectra_filtered.mgf	*..*		:2876	642	-1	0	297.242	1	0.735528	0	0	1013500.0	204200.0	Spectral Match to 9,10-Dihydroxy-12Z-octadecenoic acid from NIST14 M+H-H2O	GNPS-NIST14-MATCHES	temp/spectra_filtered.mgf2794	-1	GNPS-NIST14-MATCHES.mgf	2.36139				9	0	0.000701904	297.243	0	CCMSLIB00003135128
403	spectra_filtered.mgf	*..*		:13887	32350	-1	0	393.3	1	0.734087	0	0	696.877	144000.0	Deoxycholic Acid [M+H]+	MONA	temp/spectra_filtered.mgf403	-1	MONA.mgf	55.6346				7	0	0.0218811	393.278	0	CCMSLIB00004704950
2654	spectra_filtered.mgf	*..*		:435	5322	-1	0	469.132	1	0.729472	0	0	54651.0	324000.0	NCGC00180731-02_C19H26O12_Methyl 2-{[6-O-(beta-D-xylopyranosyl)-beta-D-glucopyranosyl]oxy}benzoate M+Na	GNPS-NIH-NATURALPRODUCTSLIBRARY_ROUND2_POSITIVE	temp/spectra_filtered.mgf2654	-1	GNPS-NIH-NATURALPRODUCTSLIBRARY_ROUND2_POSITIVE.mgf	1.23597				8	0	0.000579834	469.131	0	CCMSLIB00000855202
1021	spectra_filtered.mgf	*..*		:6556	1129	-1	0	295.227	1	0.727952	0	0	748856.0	202700.0	Spectral Match to 9-Oxo-10E,12Z-octadecadienoic acid from NIST14 M+H	GNPS-NIST14-MATCHES	temp/spectra_filtered.mgf1021	-1	GNPS-NIST14-MATCHES.mgf	0.930329				10	0	0.000274658	295.227	0	CCMSLIB00003135615
3349	spectra_filtered.mgf	*..*		:429	5214	-1	0	361.089	1	0.725415	0	0	11661.0	248300.0	NCGC00380946-01_C16H18O8_(1S,3R,4S,5R)-1,3,5-Trihydroxy-4-{[(2E)-3-(4-hydroxyphenyl)-2-propenoyl]oxy}cyclohexanecarboxylic acid M+Na	GNPS-NIH-NATURALPRODUCTSLIBRARY_ROUND2_POSITIVE	temp/spectra_filtered.mgf3349	-1	GNPS-NIH-NATURALPRODUCTSLIBRARY_ROUND2_POSITIVE.mgf	2.28192				7	0	0.000823975	361.09	0	CCMSLIB00000854977
2114	spectra_filtered.mgf	*..*		:3035	3173	-1	0	353.27	1	0.721513	0	0	76004.0	264800.0	Spectral Match to Monolinolenin (9c,12c,15c) from NIST14 M+H	GNPS-NIST14-MATCHES	temp/spectra_filtered.mgf2114	-1	GNPS-NIST14-MATCHES.mgf	5.09677				8	0	0.00180054	353.268	0	CCMSLIB00003137660
3090	spectra_filtered.mgf	*..*		:4193	4193	-1	0	628.552	1	0.721327	0	0	852974.0	690000.0	TG(10:0/10:0/14:0); [M+NH4]+ C37H74N1O6 M+NH4	PNNL-LIPIDS-POSITIVE	temp/spectra_filtered.mgf3090	-1	PNNL-LIPIDS-POSITIVE.mgf	0.291313				8	0	0.000183105	628.552	0	CCMSLIB00010060472
2030	spectra_filtered.mgf	*..*		:1	5691	-1	0	295.102	1	0.720314	0	0	58882700.0	523700.0	(4R,5S or 4S,5R)-4-hydroxy-5-((?-D-glucopyranosyloxy)methyl)dihydrofuran-2(3H)-one M+H	GNPS-LIBRARY	temp/spectra_filtered.mgf2030	-1	GNPS-LIBRARY.mgf	0.413655				6	0	0.00012207	295.102	0	CCMSLIB00005716784
903	spectra_filtered.mgf	*..*		:31	650	-1	0	215.016	1	0.719272	0	0	145180.0	328600.0	CITRATE M+Na	GNPS-MSMLS	temp/spectra_filtered.mgf903	-1	GNPS-MSMLS.mgf	457.659				6	0	0.0984039	214.918	0	CCMSLIB00005464401
459	spectra_filtered.mgf	*..*		:31	650	-1	0	215.016	1	0.719272	0	0	145180.0	328600.0	CITRATE M+Na	GNPS-MSMLS	temp/spectra_filtered.mgf459	-1	GNPS-MSMLS.mgf	457.659				6	0	0.0984039	214.918	0	CCMSLIB00005464401
3495	spectra_filtered.mgf	*..*		:13887	32350	-1	0	393.3	1	0.712959	0	0	696.877	1774800.0	Deoxycholic Acid [M+H]+	MONA	temp/spectra_filtered.mgf3495	-1	MONA.mgf	52.3757				7	0	0.0205994	393.279	0	CCMSLIB00004704950
1372	spectra_filtered.mgf	*..*		:2483	6924	-1	0	261.222	1	0.707908	0	0	172200.0	717500.0	NCGC00381425-01!8-hydroxy-8-(3-octyloxiran-2-yl)octanoic acid [IIN-based on: CCMSLIB00000846585] [M-3H2O+H]+	GNPS-NIH-NATURALPRODUCTSLIBRARY_ROUND2_POSITIVE	temp/spectra_filtered.mgf1372	-1	GNPS-NIH-NATURALPRODUCTSLIBRARY_ROUND2_POSITIVE.mgf	3.03748				9	0	0.000793457	261.221	0	CCMSLIB00005722220
1769	spectra_filtered.mgf	*..*		:3495	1821	-1	0	277.216	1	0.70737	0	0	2196100.0	425300.0	Spectral Match to 9-Oxo-10E,12Z-octadecadienoic acid from NIST14 M+H-H2O	GNPS-NIST14-MATCHES	temp/spectra_filtered.mgf1769	-1	GNPS-NIST14-MATCHES.mgf	2.53198				8	0	0.000701904	277.217	0	CCMSLIB00003136308
1871	spectra_filtered.mgf	*..*		:3358	21821	-1	0	170.102	1	0.706025	0	0	512.447	957000.0	ADONITOL [M+NH4]+	MONA	temp/spectra_filtered.mgf1871	-1	MONA.mgf	91.0493				7	0	0.0154877	170.117	0	CCMSLIB00004694421
2602	spectra_filtered.mgf	*..*		:1120	893	-1	0	311.257	1	0.705936	0	0	651644.0	225000.0	Spectral Match to Monopalmitolein (9c) from NIST14 M+H-H2O	GNPS-NIST14-MATCHES	temp/spectra_filtered.mgf2602	-1	GNPS-NIST14-MATCHES.mgf	2.25506				8	0	0.000701904	311.258	0	CCMSLIB00003135379
267	spectra_filtered.mgf	*..*		:16966	35429	-1	0	280.175	1	0.704604	0	0	745.794	432600.0	9-(2,3-dihydroxypropoxy)-9-oxononanoic acid [M+NH4]+	MONA	temp/spectra_filtered.mgf267	-1	MONA.mgf	1.52493				7	0	0.000427246	280.175	0	CCMSLIB00004708029
1793	spectra_filtered.mgf	*..*		:215	1677	-1	0	903.276	1	0.704285	0	0	643581.0	506000.0	NCGC00380496-01!7-[(2S,3R,4S,5S,6R)-4,5-dihydroxy-6-(hydroxymethyl)-3-[(2S,3R,4R,5R,6S)-3,4,5-trihydroxy-6-methyloxan-2-yl]oxyoxan-2-yl]oxy-5-hydroxy-2-(4-hydroxyphenyl)-3-[(2S,3R,4S,5S,6R)-3,4,5-trihydroxy-6-[[(2S,3R,4R,5R,6S)-3,4,5-trihydroxy-6-methyloxan-2-yl]oxymethyl]oxan-2-yl]oxychromen-4-one M+H	GNPS-NIH-NATURALPRODUCTSLIBRARY_ROUND2_POSITIVE	temp/spectra_filtered.mgf1793	-1	GNPS-NIH-NATURALPRODUCTSLIBRARY_ROUND2_POSITIVE.mgf	63.3139				6	0	0.0571899	903.219	0	CCMSLIB00000847955
1717	spectra_filtered.mgf	*..*		:4406	4406	-1	0	172.133	1	0.70303	0	0	4452040.0	322000.0	Massbank:EA256112 Gabapentin|1-(Aminomethyl)cyclohexaneacetic acid| 2-[1-(aminomethyl)cyclohexyl]acetic acid [M+H]+	MASSBANK	temp/spectra_filtered.mgf1717	-1	MASSBANK.mgf	0.620517				6	0	0.000106812	172.133	0	CCMSLIB00000209588
3447	spectra_filtered.mgf	*..*		:1652	1650	-1	0	287.0	1	0.701335	0	0	483.0	307300.0	ReSpect:PM018403 Fisetin|4H-1-Benzopyran-4-one, 2-(3,4-dihydroxyphenyl)-3,7-dihydroxy- M+H	RESPECT	temp/spectra_filtered.mgf3447	-1	RESPECT.mgf	146.314				6	0	0.0419922	286.958	0	CCMSLIB00000211998
